status,context,relative_path,current_size,web_size,current_mtime,web_mtime,current_sha256,web_sha256,current_image_tokens,web_image_tokens
current_only,media_asset,Forest/630Py.jpg,395683,,2026-06-02T23:09:34,,ebbd3c6c96bedb97ec5bda649f4f3ac3f0f60f5d6f41b5931081aea0e3fed8e3,,,
current_only,media_asset,Forest/DgeZD.jpg,335927,,2026-06-02T23:10:26,,9829bfdfb68600e990a8d9593e9010b493632475752fc8337465a2a31a7d4793,,,
modified,image_showing_code,Forest/Forest.rpy,28467,33353,2026-06-07T03:55:29,2026-05-25T20:34:28,a2e28418e08662d26008ca03950b8408bcfabd5e1db7558b28849c85d76900aa,810c2b202072155da55a21ad9162dc539d3e06936191737ec6877d3b958a4fad,ShowImage;vscene;_layout_last_picture;scene_image;.png;images/,ShowImage;vscene;_layout_last_picture;scene_image;.png;images/
modified,image_showing_code,Forest/ForestCave.rpy,2995,2339,2026-06-07T03:55:29,2026-05-25T20:34:28,6e6089496aa7c009d785ad63d2f4b3cb3c106895db29148a4051a1d07a69eb50,ff64ceb65eba48f09d2a1dfb64d356c326ba4250d98bd8e45abd5f6f951d767c,_layout_last_picture;scene_image;.png;images/,_layout_last_picture;scene_image;.png;images/
modified,image_showing_code,Forest/ForestClearing.rpy,3372,2697,2026-06-07T03:55:29,2026-05-25T20:34:28,e2e6a66ee32624446109ddc8ad54e2ec5a92e42dc7d7c8d150ce68a4752b309b,c0e7591c66d58ceb1307c3b8008aabba599f992471b5d5ac44d756457f872e13,_layout_last_picture;scene_image,_layout_last_picture;scene_image
modified,image_showing_code,Forest/ForestDarkWoods.rpy,2901,2218,2026-06-07T03:55:29,2026-05-25T20:34:28,dbc9aec0329ed3ab794f22d5169712042ca10675664473b871dd0316e5dc6041,dad2f72649296caa1ac6199e0e64e4f837e4140a3d5c04fc8555f72cce5c7edf,_layout_last_picture;scene_image,_layout_last_picture;scene_image
modified,image_showing_code,Forest/ForestHiddenPath.rpy,2846,2158,2026-06-07T03:55:29,2026-05-25T20:34:28,59ad3d51eb5851d3872f23bf75d0b54fa53dd2a105e45df0b1418867278a1327,358c50715d28afadb9b0e621dfb2180404735230cf98fc227a4359b7bf1fa28a,_layout_last_picture;scene_image;.png;images/,_layout_last_picture;scene_image;.png;images/
modified,image_showing_code,Forest/ForestLake.rpy,3199,2544,2026-06-07T03:55:29,2026-05-25T20:34:28,bb174bd0791d0b89a056d1bb5683f2c1b8e680ad0fc9c4f67738e60efeccd78c,b2a3c9c1ba448de0e4188b15e7b7f996ddd3b9e0aae2ee77ecbe7613eacabc7d,_layout_last_picture;scene_image;.png;images/,_layout_last_picture;scene_image;.png;images/
modified,image_showing_code,Forest/ForestSpring.rpy,3264,2599,2026-06-07T03:55:29,2026-05-25T20:34:28,74a5adc9a1bf878976cde7710d8a883b2e2872f54b5b2c9143aed225add70c98,1d97ff094989901488e4229eb6e44398244479728b005990cc3c193e72b3e082,_layout_last_picture;scene_image;.png;images/,_layout_last_picture;scene_image;.png;images/
modified,image_showing_code,Forest/ForestWaterfall.rpy,2854,2174,2026-06-07T03:55:29,2026-05-25T20:34:28,d75f0960aa3be2af5790c674dc333dab22fe05dd290ff49922dd67bcfd6424e1,99b4d56960fac8f79963aa46adc7fa7d82dbeddf5d2f6a6a1f6374806ce2d8b3,_layout_last_picture;scene_image,_layout_last_picture;scene_image
current_only,media_asset,Forest/IRkyw.jpg,312555,,2026-06-02T23:10:49,,c99beb72997428b3709c57c2f49f49c85752307570f6a77f55539fabfd39707e,,,
current_only,media_asset,Forest/M0pJB.jpg,307152,,2026-06-02T23:08:52,,947c5af00c1571966e3f5e31bfaf26c40cc4ac1373b55169cdcd208fc870842f,,,
current_only,media_asset,Forest/MbEcL.jpg,273943,,2026-06-02T23:11:17,,46ca2393f038e621437689e43557ea1e9c05c63e1fe70b61397b569aa76fdf45,,,
current_only,media_asset,Forest/ZdTAx.jpg,371493,,2026-06-02T23:12:13,,be46b1eecb8b08f0edd609d2bf24e89bc7d3d43e090ce7dd43e41d456bf091c4,,,
current_only,media_asset,Forest/ZrepD.jpg,287330,,2026-06-02T23:11:44,,3524d1137e30b68ce50ff933b2043e7ef58f2c82e2f4a539e1cf6f7b0ed294d3,,,
current_only,media_asset,Forest/aD5sH.jpg,398141,,2026-06-02T23:09:47,,6b4c36b00a7bd865dad76d9a916712c6f893b241177e7565bd3332f1b1561df2,,,
current_only,media_asset,Forest/ajOc2.jpg,336228,,2026-06-02T23:10:05,,0d7e408eada5e1bb011d2699380d9ac7259b982ddf8b37112a9f3f99b7d8699b,,,
current_only,media_asset,Forest/vc3ib.jpg,338685,,2026-06-02T23:09:21,,9693b477e48b5943bdc23545eab77a51e4da02e97fd6d311f897749ed5ec1edd,,,
current_only,media_asset,Forest/xqPiV.jpg,356583,,2026-06-02T23:07:24,,c1d8b4024f570569583e8bd84c77afe2e022e4f15b08bba0e2048d8d9c18643c,,,
modified,image_showing_code,Inn/Backyard.rpy,16128,17463,2026-06-07T03:23:25,2026-05-25T20:34:28,30fc7868e7bb01cf6f93959a99fd1c295fba78bcf840b64256f2053238831a3f,332544c86d29cca3cb60677b69f07f77c25a4c60f18874432f381572856e95ba,_layout_last_picture;scene_image;.png;images/,_layout_last_picture;scene_image;.png;images/
modified,image_showing_code,Inn/HouseholdRuntimeEvents.rpy,65205,65372,2026-06-06T15:57:34,2026-05-25T20:34:28,94129ccd21607ac021ba2593ba6e7ce4ed54a8552ca345918e26dc51ca6359b9,327fee9340db7923a2e1b125c8747511776b9e208e8944bcd5f0b55d849e522c,_layout_last_picture;.png;.jpg;images/,_layout_last_picture;.png;.jpg;images/
modified,image_showing_code,Inn/Intro.rpy,3701,15992,2026-06-01T19:38:57,2026-05-25T20:34:28,62d614a516b8e1e2e8ef460e09efce1473a06c5516e3699e6e2fdd630b5368ef,02a62ad07018eb455ca0e13fc943a8a9fcba28ff082311891f8d381000034986,,_layout_last_picture
modified,image_showing_code,Inn/Shed.rpy,11253,10631,2026-05-27T17:52:48,2026-05-25T20:34:28,8ebc63b6e5e9cacfbe5e7dca55f510c34c813256968cc710528eccf407b22c61,5984a71af36239d44d21dd536834b1d0bcb9720e6522281aa2704edfd73a1918,_layout_last_picture;scene_image;.png;images/,_layout_last_picture;scene_image;.png;images/
modified,image_showing_code,Inn/TavernAmandaRoom.rpy,30057,30517,2026-06-07T03:23:25,2026-05-25T20:34:28,58df779ad12e9556a395f9e0c3462abce85c512012e60d2c494334b3a758da80,950cadc2d257c6c72dc84dcb655fbd83910bcea7e5457ec6802217e6426a1f90,ShowImage;_layout_last_picture;scene_image;.png;.jpg;.jpeg;images/,ShowImage;_layout_last_picture;scene_image;.png;.jpg;.jpeg;images/
modified,image_showing_code,Inn/TavernAtic.rpy,17134,16928,2026-05-27T17:52:48,2026-05-25T20:34:28,afe7ee0eba6a5bf296b5e11f86848674e481e6424ad022a0535f235381e81fc7,9f273b5f10c3585f7dcb59827449693d766e832b41e8d1f2ec5c560724b7adeb,ShowImage;_layout_last_picture;scene_image;.png;images/,ShowImage;_layout_last_picture;scene_image;.png;images/
modified,image_showing_code,Inn/TavernEmptyRoom.rpy,2603,2257,2026-05-27T17:52:49,2026-05-25T20:34:28,3e8da82d1083bb18736eda8e6023e6f56836426b956bc83273b7ebe491f4432a,e09165e629a26eee2f0fcff890fa84f29092900f813802d396fea249b1864c62,_layout_last_picture;scene_image,_layout_last_picture;scene_image
modified,image_showing_code,Inn/TavernGloryHole.rpy,26332,26088,2026-05-27T17:52:49,2026-05-25T20:34:28,12b308f78df2ba21944405b6a3eb9aeb09b95823b3b4eb23e5491014c6abe397,cc1427fc399a8e0a8399bb48ea6c2288f8c6a0b2ea39e7c98ca11f52ab17c7c6,ShowImage;ShowImageSeq,ShowImage;ShowImageSeq
modified,image_showing_code,Inn/TavernHelp.rpy,5893,5656,2026-05-27T17:52:49,2026-05-25T20:34:28,aebe442d050970d13862ee5327a3c595924ff4344580fc4792fa2e5f7604c395,21e2d5270f80500048dcf56ccf9f6622b77dc399fe0e31f0cb615214b3fe1444,scene_image,scene_image
modified,image_showing_code,Inn/TavernKitchen.rpy,158850,165404,2026-06-08T06:12:37,2026-05-25T20:34:28,eda1b53a7faa59b20f72f3b76cbfcfb06b3916a548fe87104002db9fc23b8411,ba885a3e1b4f754f598343d7411afd93670578c37d78e633887b9e841835e06d,vscene;_layout_last_picture;scene_image;.png;.jpg;images/,vscene;_layout_last_picture;scene_image;.png;.jpg;images/
modified,image_showing_code,Inn/TavernKitchenCauldron001.rpy,1537,1125,2026-05-27T17:52:49,2026-05-25T20:34:28,1b1ff8d3dd6101a19ff7807152386a8e3701a0e75bf8ee94aa25ccddb33d1347,aa2f7e4ca8983236a947004e511b8df3f32111ccff56abd697e937579d94810d,.png;images/,.png;images/
modified,image_showing_code,Inn/TavernKitchenHearth001.rpy,4864,4952,2026-06-06T12:12:51,2026-05-25T20:34:28,7f3a05a1f55b2966c49c82715cc6b5efa7d829b5ad1330844e8de66bcb9bc471,e0c1680a33f0363b8aa08e8e5b5ee8f94f5d2d800f41734c70ff18016946f965,.png;images/,.png;images/
modified,image_showing_code,Inn/TavernMain.rpy,32276,31217,2026-06-08T06:51:46,2026-05-25T20:34:28,3b09d7c9717980c4f6a31de7d1489df230c793997cf9251f86ecdc4bc1a49ed9,43829e7225bd2a6744328c122c35b07110614ecf94c2eba809d36635785a56d2,ShowImage;_layout_last_picture;scene_image;.png;.jpg;images/,ShowImage;_layout_last_picture;scene_image;.png;.jpg;images/
modified,image_showing_code,Inn/TavernMainBar001.rpy,6941,9248,2026-06-06T15:57:34,2026-05-25T20:34:28,d9736d11db31f5d4f23774b22fb4820ac627ad6b0a4084ff1c793b4335e6c93a,e51853ccb2572a4b2d4cc543fcc492983772bb3e3751c24ab8eea1d457ed8359,.png;images/,.png;images/
modified,image_showing_code,Inn/TavernMainFireplace001.rpy,4974,5068,2026-06-06T12:12:44,2026-05-25T20:34:28,8feb355cbd0c7b29acdbe7635a9fe5959a18a041cef008e8abf5f2ede9477922,94ade7a74092f79befb67a375ad460fc1ae45104dc70cf150443f4d0554c89fd,.png;images/,.png;images/
modified,image_showing_code,Inn/TavernMelissaRoom.rpy,13578,13158,2026-06-07T03:23:25,2026-05-25T20:34:28,1a45d6099a31bc3388b19c35fb89017032a0a698154c4637dcfa79e042e65303,72a25a5ae7f47522eab70dd22e68e58cd6d7891b7274e315cef46cffaea844f2,ShowImage;_layout_last_picture;scene_image;.png;.jpg;images/,ShowImage;_layout_last_picture;scene_image;.png;.jpg;images/
modified,image_showing_code,Inn/TavernMyRoom.rpy,25810,26704,2026-06-07T03:23:25,2026-05-25T20:34:28,d4e3ea66bd0e7795d189ef1f3dbe7562fffe33a7e1ad3ce554cccf2f9d48bf9b,e2de3e0837d5fdaa9ebbd991621496196e0a624777536c87c1822dc8da60d649,_layout_last_picture;scene_image;.png;images/,_layout_last_picture;scene_image;.png;images/
modified,image_showing_code,Inn/TavernMyRoomWindow001.rpy,3509,3261,2026-05-27T17:52:49,2026-05-25T20:34:28,45688f9df4f3e003769505ff98dfb4d1fe89d57bc62be5647a8cd75680ce6356,2f4662e8284a789503533c7bf738c75ccb4fec3f01e68d8d72d46e5b91a6cee1,.png;images/,.png;images/
modified,image_showing_code,Inn/TavernProstClients.rpy,9077,8629,2026-05-27T17:52:49,2026-05-25T20:34:28,ad65adb7e0e9d212f016b1b49c4809e727482f7af4e619f2efbc8789b3e36e95,f17fcee7ab78f4540f35d7ddf7b1e01fe4d7f3414823815de1a76d70211d4316,ShowImage;ShowImageSeq,ShowImage;ShowImageSeq
modified,image_showing_code,Inn/TavernSandraRoom.rpy,13110,15382,2026-06-07T21:04:11,2026-05-25T20:34:28,b03bbf49b4f9220f8c37122c4ebccbc81fab1a7b86e939a29ef6fbe5771a8d34,d5190ca590676d73f1df7b7aaeb83659f392546d606c9df6bc6489d91a19f812,ShowImage;_layout_last_picture;scene_image;.png;.jpg;images/,ShowImage;_layout_last_picture;scene_image;.png;.jpg;images/
modified,image_showing_code,Inn/TavernShowImage.rpy,2263,2931,2026-05-28T00:53:49,2026-05-25T20:34:28,9c9efaeed34b4cd462a228a605fa8afe01e96cdb7a080a40771be31fcd112dfa,d50edbb173c2a6d10b97ea9981bb958cca9c5d528ed1d3c691fae6eb98a2c856,ShowImage;.png;.jpg;images/,ShowImage;.png;.jpg;images/
modified,image_showing_code,Inn/TavernStable.rpy,15076,14799,2026-05-27T17:52:50,2026-05-25T20:34:28,171ef3d6b75bac0d389b2d5144a80ca8b5108cf47a2c80596a67dec8844cde98,82fa50d92454ed2374fb2c2477962e8ed3f5e9618368dfbeeee0fdae182397cf,ShowImage;ShowImageSeq;_layout_last_picture;scene_image;.jpg;images/,ShowImage;ShowImageSeq;_layout_last_picture;scene_image;.jpg;images/
modified,image_showing_code,Inn/TavernStorage.rpy,3511,3190,2026-06-07T03:23:25,2026-05-25T20:34:28,8f1f585337003ca9cabd5b2fab12337bb1a76d2ab87cd002e1f213542f34b1ae,42792529595b6728a96d318dd788b1c8f17d35bfb81124d65ad12199aedf9287,_layout_last_picture;scene_image;.png;images/,_layout_last_picture;scene_image;.png;images/
modified,image_showing_code,Inn/TavernUpstairs.rpy,4097,3778,2026-05-27T17:52:50,2026-05-25T20:34:28,14c453d2588d6b3145c4376c4536f206e393284fca263b34814d3b4c4a9b408d,16fc4927add9b30a6c7458f9f506bc0a71106fc18e706bf15c4661f0014258d4,_layout_last_picture;scene_image;.png;images/,_layout_last_picture;scene_image;.png;images/
modified,image_showing_code,Inn/menu_tavernstat.rpy,44963,42199,2026-06-07T02:13:38,2026-05-25T20:34:28,5cb003c07a942e6596081ca4fa4e1403674b04cab731f80c7d033f336ffd1b8c,a0e5a9099cf87dee7077eaa17de75e2c1a91faf0404b3ed630601d3c40f19778,.png;images/,.png;images/
modified,image_showing_code,Items/Core/CraftingRecipes.rpy,35844,36765,2026-05-27T17:52:51,2026-05-25T20:34:28,0fd07cff429263d2f01a3737dbc8f1b05b98f6aa1bc2b411521ca6351dc82e8b,ddcef9705505aadbaf5fffd4a48c6f0c63fa9a5935d2339bf1843e164fdccae4,_layout_last_picture;scene_image,_layout_last_picture;scene_image
modified,image_showing_code,Items/Crafting/SoapCraftAndAtticItems.rpy,92717,95499,2026-06-06T15:57:34,2026-05-25T20:34:28,1a59aeecceda933c5c2f916729ba35b545825057a32e3be0b5a588a88fce1c40,54c34bf53cf33d1ce4a4db127ac383e9097783b02e2b1bc60971396a2ab17f19,.png;images/,.png;images/
modified,image_showing_code,NPC/Girls/Amanda/AfterDanceLegare.rpy,20738,20395,2026-05-27T17:52:52,2026-05-25T20:34:28,dbdfa08c15e619246604283bc90f330bd1ee1297d3707ab95bbc51428ea0218c,c50fe09cab3348c635a87dc9a74e62436ebeba2038e9a95b170ba6c2bf8bb219,ShowImage;ShowImageSeq,ShowImage;ShowImageSeq
modified,image_showing_code,NPC/Girls/Amanda/AfterDanceSexLegare.rpy,32683,32890,2026-06-06T16:28:10,2026-05-25T20:34:28,22265dd2a9077750db8223b57c469ebf4f6ad3b2d51e98fb7935226d6e05daa7,f3abf75dcdbe6f2f1ea2f54eb9a1c44b88a34c469ebaf400de54cc400ebbc162,ShowImage,ShowImage
modified,image_showing_code,NPC/Girls/Amanda/AmandaAI_Bridge.rpy,94898,95058,2026-05-27T17:52:52,2026-05-25T20:34:28,37eef84896df5b3fbe64c76993a648e71ed82875d378afce30674999321dd117,6428b983a5f563e2cea149356a0304e0f35d8f4a758a111b213b0d793fbca2be,ShowImage;_layout_last_picture;.png;.jpeg;images/,ShowImage;_layout_last_picture;.png;.jpeg;images/
modified,image_showing_code,NPC/Girls/Amanda/AmandaAtGloryHole.rpy,33939,34220,2026-05-27T17:52:52,2026-05-25T20:34:28,c63e428494ff3e25411d2c4b6f6c816bd853a9c47a43e52d2567432339843e7c,dc8ed560d92b98153d0f9f63b2148ed92c21637c580fa4015500c672e1d6ddee,ShowImage;ShowImageSeq,ShowImage;ShowImageSeq
modified,image_showing_code,NPC/Girls/Amanda/AmandaAtHomeCode.rpy,32897,33486,2026-06-02T04:26:55,2026-05-25T20:34:28,e9d28111415065e81a2a883727b795ce31302375e04fe947ca40464f42c93819,3dc417a2c897d2724cf6eccab04ec14b3a0117464e3725bbfbffaa3a85c9cddf,ShowImage;ShowImageSeq,ShowImage;ShowImageSeq
modified,image_showing_code,NPC/Girls/Amanda/AmandaDynamicCommonBlocks.rpy,18785,18239,2026-05-27T17:52:52,2026-05-25T20:34:28,9eed66218885d5896dd62bb690bb935ed0815bea4db0992085202f5874f725b9,19cf0bdbb8ee8a88a35770d97206762b0127750d60f581c2fff26200eb216c76,ShowImage,ShowImage
modified,image_showing_code,NPC/Girls/Amanda/AmandaLoverSex.rpy,25481,25102,2026-05-27T17:52:52,2026-05-25T20:34:28,9915d79801e0b87d06fad1a4659e3e6519ab29d11283770c309fcd7c91180cca,97fd085255792d8bdaa54b08debd9ff832c01e88a2bf087c838613a03009e6e7,ShowImage;ShowImageSeq,ShowImage;ShowImageSeq
modified,image_showing_code,NPC/Girls/Amanda/EventAmandaLizettTalk.rpy,8424,8082,2026-05-27T17:52:52,2026-05-25T20:34:28,d689ed864d7026fa1381373f00f9726b129b6021bcbf5761829824fc307c57e5,41ff36d02964e62fef36df0783eb1d12b162bae835cd205c76aaaf3553de33d9,ShowImage,ShowImage
modified,image_showing_code,NPC/Girls/Amanda/IntAmandaDance.rpy,22313,23419,2026-05-27T17:52:53,2026-05-25T20:34:28,fa2af8bba0ec2f48fea904d43b0a1e026c90351dda930e04433f86572067190d,dcfa788e07119588ed83d6bd3bcc0dc9c0870e88935c565e598b7476016f6b39,ShowImage,ShowImage
modified,image_showing_code,NPC/Girls/Amanda/IntAmandaSex.rpy,57035,57896,2026-06-06T16:28:10,2026-05-25T20:34:28,a9844c8e77c7527806402afb958411c5ebe966d62038fe8f0cbed035d6911565,455ea94b7181e7e31a1dfc2c414e374dc14837ffa3cf517d788b01f08581fc91,ShowImage;ShowImageSeq,ShowImage;ShowImageSeq
modified,image_showing_code,NPC/Girls/Amanda/ShowAmandaPortrait.rpy,1072,709,2026-05-27T17:52:53,2026-05-25T20:34:28,9fdc34f6a954a4f4d5cc61e9cb8b08096fb499c2091476d1feb8930218a86186,695f4a2809093456458e4f01eea96914d902a88e6be81c123ce4bdf88799a013,ShowImage,ShowImage
modified,image_showing_code,NPC/Girls/Becky/BeckyEddieJoinFirst.rpy,12626,12849,2026-06-06T16:28:10,2026-05-25T20:34:28,dd46c9c471ed77a75c23f58ee95cfab6cc1148a59884f72fee761f23b73f8a2b,3d3f4440c33da5f214804d5737b76a5c65bd19f6cb00bdd2feb27f4086589b51,ShowImage;.jpg;images/,ShowImage;.jpg;images/
current_only,image_showing_code,NPC/Girls/Becky/BeckyEvents.rpy,52245,,2026-06-06T15:57:34,,3981e7a57880668b10341ee5c170f01343427dd71e3e59d0d6f6e89b026f9634,,ShowImage;ShowImageSeq,
modified,image_showing_code,NPC/Girls/Becky/GeorgettBeckyVisit.rpy,14490,14422,2026-06-06T16:28:10,2026-05-25T20:34:28,32ac65742ea5659e40931e227c39178b303f018192f202c933a49b8414e5abe7,3d250cdc6f35d4c07924ece4bab7f6c1616eb2e00b6b73f9c6644d13cb1f1f77,ShowImage;ShowImageSeq,ShowImage;ShowImageSeq
modified,image_showing_code,NPC/Girls/Becky/IntBeckyAfterCermon.rpy,22198,22112,2026-05-27T17:52:53,2026-05-25T20:34:28,251b42b661f58a11da8290dc6dafe4e55759c9e4243814e3d7106ec4070ad158,2746d7c63c2514cc48e3cefe5b0dcdb67695adaf3e411cdf9f3905d9fe79946c,ShowImage;ShowImageSeq,ShowImage;ShowImageSeq
modified,image_showing_code,NPC/Girls/Becky/IntBeckyDance.rpy,18144,18821,2026-05-27T17:52:53,2026-05-25T20:34:28,fadacd0f239d11f89f770894d949b1f611efe3d2f28761cfdb1bf81cc2e31d58,70f701620b986e71d41bb3a29b157b26cefedfcd54e53771b90d8f5b4c7ed735,ShowImage;.png;images/,ShowImage;.png;images/
modified,image_showing_code,NPC/Girls/Becky/IntBeckyGuest.rpy,19045,19406,2026-06-06T16:28:10,2026-05-25T20:34:28,ef763333a1c657f241ecf155efe327e03c846b1cf5d7610cadf2818393678243,9a8db7f07d975e683b4e478848d721fce9b306b5391d9f9c3382389b9918ab95,ShowImage;.jpg;images/,ShowImage;.jpg;images/
modified,image_showing_code,NPC/Girls/Becky/IntBeckySex.rpy,51177,52142,2026-06-06T16:28:10,2026-05-25T20:34:28,99826e792526082db300602cd015bc2a2133c32af8fe761a9323ea0bccacce0d,b199086b982811b4cea7f1aa6f12cdd0e1e3de71291c64316a5b35f6fc2b0b37,ShowImage,ShowImage
modified,image_showing_code,NPC/Girls/Becky/IntBeckyTalk.rpy,11326,10952,2026-05-27T17:52:53,2026-05-25T20:34:28,0193c15d768e7e68e6c9d70ab14fed7c9b0d56b98119f3f27fa6537df5e25743,d81675115c674fe733463f1fc19cdddf994d237308c249f62b72bc05e3c304cf,ShowImage,ShowImage
modified,image_showing_code,NPC/Girls/Becky/ShowBeckyPortrait.rpy,1156,796,2026-05-27T17:52:54,2026-05-25T20:34:28,da0dced2401c9b350e5eb0445fe7d198e95c009d44e5c228c03d286f01669bd1,88620e7177606437638061db9b25dc0e5c17fe7a17af6c7f430c998b47c6d0bb,ShowImage,ShowImage
web_only,image_showing_code,NPC/Girls/Clara/ClaraEvents.rpy,,13528,,2026-05-25T20:34:28,,a98432fc12c3c80f87c1b16cf350caca49da12569e2dd6ac81df978ac690d878,,ShowImage;ShowImageSeq;.png;.jpg;images/
modified,image_showing_code,NPC/Girls/Clara/InitClara.rpy,27244,27104,2026-06-06T16:40:40,2026-05-25T20:34:28,1f3514b6d50c3b1cb941f00c5943fb0e449edfe631303e717118ca6adbc9ccc0,acc2bd48c955519a0d49984046285f57b7c1027e23ac219f0822b613fd1f3fe2,.png;.jpg;images/,.png;.jpg;images/
modified,image_showing_code,NPC/Girls/Clara/IntClaraTalk.rpy,20958,22096,2026-05-27T17:52:54,2026-05-25T20:34:28,da7ecfaef9e2728b6cbfda4541b991f1d6f19d26ebcf2225aac94b53b21d9eb3,e0a2e989b033f4f04a1a8bdc9b31255c7625ddc7f3f5cfd8252bd0141516e920,ShowImage,ShowImage
modified,image_showing_code,NPC/Girls/Common/EventCleaningHarrass.rpy,3861,3582,2026-05-27T17:52:54,2026-05-25T20:34:28,8f76c581b2961c60e855853cb9f3b0d20843e9886928df878fe64d8c8c2caba3,50c62f96a37f99734e5a67b92d5f00497eb512b250ff95c01ddcf6886a93a0a0,ShowImage,ShowImage
modified,image_showing_code,NPC/Girls/Common/EventCleaningHarrassPart2.rpy,8948,9137,2026-05-27T17:52:54,2026-05-25T20:34:28,a0dba302926a485b562343e6d30bb07553dd125d54d2c2a7ba19de95efede42c,2b94a04123f15eebc9d2ba0fff33ebc23071a9a1518317a7b0bd7cdc7d2466bf,ShowImage,ShowImage
modified,image_showing_code,NPC/Girls/Common/EventWaitressHarrass.rpy,3863,3591,2026-05-27T17:52:54,2026-05-25T20:34:28,1033d77a693682fef31f4a54280687a92f02c55a6aec8c3437ec3449cfe3dca5,24b305275bd55d78b4df85bb819a8db7a415a1197b4021bc5d44c2823820cfe8,ShowImage,ShowImage
modified,image_showing_code,NPC/Girls/Common/EventWaitressHarrassPart2.rpy,6362,6566,2026-05-27T17:52:54,2026-05-25T20:34:28,87edd1be55ecd6a312784f1b111636a6ffb9afecb8dff3167ab0b96fb9a4d7b6,fa17a894d6e4835cc1b286c381a7dc8c847ae93f865872bb2edba592415a6f01,ShowImage,ShowImage
modified,image_showing_code,NPC/Girls/Common/GirlCard.rpy,14847,11621,2026-06-08T05:05:09,2026-05-25T20:34:28,e2f1e7fc5844e5e6a059f0708528d3613ddbc1c525be54845e2a48c5654d60c7,9ae750eaad443cf04d14afcef734afca9e8263d232cb35853410531b84002d32,.png;.jpg;images/,.png;.jpg;images/
modified,image_showing_code,NPC/Girls/Common/GirlDressBuy.rpy,6041,5828,2026-05-27T17:52:54,2026-05-25T20:34:28,a28587a4d97b3d048ebe967137edc18def1a939c94136baeab612c40e5766e38,8ccc4caa8172f3fd260ace46ec62d7c6c72ae7f681dce3fe34e0b2727f19fc1b,ShowImage,ShowImage
modified,image_showing_code,NPC/Girls/Common/GirlsDesc.rpy,22003,21846,2026-05-27T17:52:54,2026-05-25T20:34:28,3262a1c4180badf52fbb92862ea9cddb00ee54840abb993ec8ce952578b9e960,e6d1c525c3aedf05d84dbe50f8f1e6cea9a6c17920f746be74b7bbe0b65913c2,ShowImage;ShowImageSeq,ShowImage;ShowImageSeq
modified,image_showing_code,NPC/Girls/Common/MomDressComplaint.rpy,27240,27617,2026-06-07T02:15:24,2026-05-25T20:34:28,e52016cefd3020d406288e2098a8e741afad15a7eaf31be694b0b15f05ab68ed,2c0e920e12709b6823e02fd766a729fd0844f6006b1647333e00da7dd4992ce5,_layout_last_picture;.jpg;images/,_layout_last_picture;.jpg;images/
modified,image_showing_code,NPC/Girls/Common/PartEventGirlHarrassmentReaction.rpy,10119,9670,2026-05-27T17:52:55,2026-05-25T20:34:28,31379fade293c9aab2f3e69c0df96f0043d2ffd028db04c97adba873f4c93f5c,46b3b69a5014754476e34a4616457047b18859fab30db37a6dbf83691ea03e3b,ShowImage,ShowImage
modified,image_showing_code,NPC/Girls/Francheska/FrancheskaTalk.rpy,15263,14513,2026-05-27T17:52:55,2026-05-25T20:34:28,e91ddddd2af5f317f0cd65e97d15ac3ae01af1f26778e336d9ef1f3813e4e623,404ad44b0bc6470552a5d72211c6aab275a13c9ac97fccd24d2af6512295d39a,ShowImage;ShowImageSeq;.png;.jpg;images/,ShowImage;ShowImageSeq;.png;.jpg;images/
modified,image_showing_code,NPC/Girls/Georgett/IntGeorgettAfterCermon.rpy,9925,9831,2026-05-27T17:52:55,2026-05-25T20:34:28,1ac39be0655cb3b1f1c0c0d5103835fb4c4ae898fce6a3b2e622e79edfb002ce,bcab1dd7d6d67c20e91c0847bc7e05b07259bcab5560a28178670d846bf61729,ShowImage;ShowImageSeq,ShowImage;ShowImageSeq
modified,image_showing_code,NPC/Girls/Georgett/IntGeorgettSex.rpy,26348,27802,2026-05-27T17:52:55,2026-05-25T20:34:28,d5419be5f239ac2a42d78529692275d36a5200b225c541799eed73f932a8ded9,1cecb99ddbeffae7975291ef3027dbc060ebc2e46c9a329b481aa781730f7c6a,ShowImage,ShowImage
modified,image_showing_code,NPC/Girls/Georgett/IntGeorgettTalk.rpy,41193,51304,2026-06-07T02:15:24,2026-05-25T20:34:28,02e4fdbb7ce6ffe87ae3c65f9d08d9eaf1fdae943be2e45cac53fc9ca9f829d2,f4ad2cef299606a298d9daae1deffbb46ba8f506bbe263fe9bdb5963244ececd,_layout_last_picture;scene_image,ShowImage;_layout_last_picture;scene_image
modified,image_showing_code,NPC/Girls/Georgett/ShowGeorgettPortrait.rpy,1872,1623,2026-05-27T17:52:55,2026-05-25T20:34:28,56a172e35d0bd82229cb0e394005ef799acca55ff3b7e57d9fdab93bfce70472,9c652f10a73d02cbad34576d1c8dc43480efaed9e7743c65530b135757f32916,ShowImage,ShowImage
modified,image_showing_code,NPC/Girls/Inga/IntIngaTalk.rpy,1338,977,2026-05-28T02:58:02,2026-05-25T20:34:28,9db1d34aceddb06fbf774497f5464a8afb013916b0f54f00b7eecde65ea646be,04c6d525edd66a854a3006dc52265e59a60fae63f92eaaf0fcbc9cfacad4d80b,ShowImage,ShowImage
modified,image_showing_code,NPC/Girls/Irma/InitIrma.rpy,6444,7328,2026-06-06T16:40:40,2026-05-25T20:34:28,d4e061440b3dcd263b487faf311b5f3f559a631651248922228a463b624263e4,ff1d6f0da62cc820cb6ca3068814c4e0a4ec0ad8c63d26ef1fdbbacb3aee8485,.png;.jpg;images/,.png;.jpg;images/
modified,image_showing_code,NPC/Girls/Irma/IntIrmaTalk.rpy,8857,8030,2026-05-31T14:06:21,2026-05-25T20:34:28,02167a8ba915e4a96d84b7fed53f860e4301facc73e414b3be8bf7c86c72453b,3fcb1f20c04d7715c5c459df0da45a59e4b4895fb153c9701ffcbbf8fd3c2a26,ShowImage;_layout_last_picture,ShowImage
current_only,image_showing_code,NPC/Girls/Irma/IrmaTailorEvents.rpy,12074,,2026-05-31T12:48:03,,724d38ff3e53eeef3477a35fb7e75f96cf969d590821109b3bb66fcb46a0495a,,_layout_last_picture,
modified,image_showing_code,NPC/Girls/Liza/IntLizaSex.rpy,22696,23760,2026-05-27T17:52:56,2026-05-25T20:34:28,b42d1473ed87305797f502609d37372c0175197f7d3acae93f2b2b477a41fde1,45e449f5ef03abae8070a1407878b9c002da89c060cbc254112598ef016bd9d9,ShowImage,ShowImage
modified,image_showing_code,NPC/Girls/Liza/IntLizettAfterCermon.rpy,13910,13828,2026-05-27T17:52:56,2026-05-25T20:34:28,b1fe5db665a2d8b9c36a8a6741ae6ee9704bb424f8b5f1e14ea471bfd72bb459,5eefe6c179f98c26f2bb3093556926adbc54f8c3636033e7bad2df38af7fc59c,ShowImage;ShowImageSeq,ShowImage;ShowImageSeq
modified,image_showing_code,NPC/Girls/Liza/ShowLizaPortrait.rpy,1432,1133,2026-05-27T17:52:56,2026-05-25T20:34:28,19d2189957e38686ccf047860dd86b004e9ed785e5ceb4a9d755c0d01bab942a,96ff90c4938052657de045d01caf353dc2f9bae333fd54b055628b0ad4e35312,ShowImage,ShowImage
modified,image_showing_code,NPC/Girls/Melissa/InitMelissa.rpy,18289,9273,2026-06-08T11:10:23,2026-05-25T20:34:28,d844a6d0ce559efe2fb776657d4349e280f66901613ce1476c3ecb0ce8567942,af320018546d3a4db4a95950fb6a85b5ea2d1f8dd57742317455565db1240e22,.jpg;images/,
modified,image_showing_code,NPC/Girls/Melissa/IntMelissaSex.rpy,30755,31402,2026-05-27T17:52:56,2026-05-25T20:34:28,b2abe1cd2fbb404e147bd185115a3b5abe4ad646121ab862e57bfb6b3753ce34,bdf6f8370bbeb2c471b7e6757bae2a5e9cac336826229ee8214c31a6c5c13dfd,ShowImage;.png;images/,ShowImage;.png;images/
modified,image_showing_code,NPC/Girls/Melissa/MelissaBatsQuest.rpy,33487,34219,2026-05-28T00:35:37,2026-05-25T20:34:28,e0a1df1e8769379f7e659f72e74a6fee5ff31635c4af1f6a9f744a9721ca764c,8b37dbb24e0a86d5dbb9bc389cb4cb0b6aafa5e7c1474a2953ac02466f4c4d9a,ShowImage;vscene;_layout_last_picture;.png;.jpg;images/,ShowImage;vscene;_layout_last_picture;.png;.jpg;images/
modified,image_showing_code,NPC/Girls/Melissa/MelissaEvents.rpy,21300,30294,2026-06-08T11:37:37,2026-05-25T20:34:28,6758866a9d0fc2c328a9fa4eff57ffdf56107966b52c1a8e1feebe1c48e81e66,7cc33c43bcf4ae2374282532dacce068d106b8c2210c68ac64ff474d2dcffa3f,vscene;.png;.jpg;images/,ShowImage;vscene;.png;images/
modified,image_showing_code,NPC/Girls/Sandra/InitSandra.rpy,31973,6492,2026-06-08T10:56:27,2026-05-25T20:34:28,b1b7b54fdf7ae4ca3382fb32102ef304d81028636a5659142ffd762ca0de3130,a5a2a421c12e46ef15dec40420cc11cd6aa0c6abccc92e53422d72a43ea810b4,.jpg;images/,
current_only,image_showing_code,NPC/Girls/Sandra/SandraEvents.rpy,11648,,2026-06-08T10:56:38,,a4028409c065abf660224f1370791168d058638bc4f23982b8178eda4c90b0e3,,ShowImage;_layout_last_picture;scene_image;.png;.jpg;images/,
web_only,image_showing_code,NPC/Girls/Sandra/SandraWeek5WakeEvent.rpy,,10984,,2026-05-25T20:34:28,,303f4df2c54180d9e80cc59cf5306ca1bbef31ded4d500d1625ec85f23240098,,ShowImage;_layout_last_picture;scene_image;.png;.jpg;images/
modified,image_showing_code,NPC/Secondary/DogCompanion.rpy,43576,48865,2026-06-06T14:10:10,2026-05-25T20:34:28,c3310f8834c3dd1c981954eacc0508f7063f6478126eed6b7a7b29e0591811fe,c71d3d11d2ddcdf9478fca3467ca9920dc21ea3c55a15a2068253e57811e104c,_layout_last_picture;scene_image;.png;images/,_layout_last_picture;scene_image;.png;images/
modified,image_showing_code,NPC/Secondary/IntAlberTalk.rpy,10440,10137,2026-05-27T17:52:56,2026-05-25T20:34:28,687b54e0e8dada98318ed340437e64113402442e77f658a222d922d69030fb7d,3d50954af7c02e65baa7bee951b976159515b4c3211f74437c555a322638a56e,ShowImage;ShowImageSeq,ShowImage;ShowImageSeq
modified,image_showing_code,NPC/Secondary/IntEddieBeckySex.rpy,21440,21856,2026-05-27T17:52:56,2026-05-25T20:34:28,1ec23be22b21e172b3d96bb7561f3d1ec6a4b3c09be75b24a72e43c2291f6d45,7f77868f3cbd9c2cfc2cbd653068054dc45bfbd6538368bf5c76981801f965cd,ShowImage,ShowImage
modified,image_showing_code,NPC/Secondary/IntEddieTalk.rpy,18365,18213,2026-06-07T02:15:24,2026-05-25T20:34:28,3948a9c8f076767e1dd5690bc6a0d1d03df21513d2a46e2e8a54c22504895b19,111f1f902f66bc030a1fda83007f94ef782f846580cff47351c08e5e9a48c520,ShowImage,ShowImage
modified,image_showing_code,NPC/Secondary/IntRobinTalk.rpy,9560,9103,2026-05-27T17:52:56,2026-05-25T20:34:28,bd2b693390fd1a4ba09b97d929a3d50a18085ab4545b5af24228cccfb46b6bc7,2bb4ceacdff2fef963b2c8cd3388dbe8e8199d70de969453c5164e35b2671c73,ShowImage;ShowImageSeq,ShowImage;ShowImageSeq
modified,image_showing_code,NPC/Secondary/IntZimmerTalk.rpy,16797,16680,2026-05-27T17:52:56,2026-05-25T20:34:28,c45b311b59dc3395d83b8d609709aea200cb62684db15e22523aa37464b9fb58,f7033ce73d35a5e55579cbeca0a36e2bf787a1a3068e28ac6a3aedf4e212f70e,ShowImage,ShowImage
modified,image_showing_code,NPC/Secondary/MelissaWerecatQuest.rpy,28524,30835,2026-06-06T17:51:57,2026-05-25T20:34:28,337c860b96ca019b9af15b43dd86af475c1ccd6910d745edb18ee761fbad90e2,fd2f96112d9f2903337e802bbc7ed4b1880ad609cc80d5d0f324fb4b20269813,vscene;.png;images/,vscene;.png;images/
web_only,image_showing_code,NPC/Secondary/MongolEvents.rpy,,12994,,2026-05-25T20:34:28,,83b9d47c1c1db27eb03c5a9a1c228c5e3e49fdfb6b4128a7e408e0f8e7819d33,,ShowImage;.png;images/
modified,image_showing_code,NPC/Secondary/MongolTalk.rpy,14254,10771,2026-05-27T17:52:57,2026-05-25T20:34:28,3bdc17e8c83fcec4d381d820b869a37d45bbff9da7f3c3c302888caf20b352ba,036faa23c599f65ee1fb4e479933e777b849eab6a2387772052ef135db482a5a,ShowImage;ShowImageSeq,ShowImage;.png;images/
modified,image_showing_code,NPC/Secondary/SherwoodTravel.rpy,14445,14196,2026-06-06T16:53:26,2026-05-25T20:34:28,02c80bca8f9107e709cd40172f26dbe7ef49a16706fcceb131a7997f2df2c71b,71ecb2e2f55041a1a57dc321eba3e6c891e0da400f5dde7c714925ca3d460ef7,ShowImage,ShowImage
modified,image_showing_code,NPC/Secondary/WerecatNPC.rpy,32749,36918,2026-06-07T03:25:36,2026-05-25T20:34:28,3345c3ab6db1f632056fbe98fe801c913f3aff8e63376921474e3376d86313be,63817ec3785d6fc4ba094e8a24b1412f5987b1200a64d359cbc8eb932ead2bc8,_layout_last_picture;.png;images/,_layout_last_picture;.png;images/
modified,image_showing_code,Town/Arts/ArtisansQuarter.rpy,9142,8865,2026-06-07T03:18:18,2026-05-25T20:34:28,cbf9e9bbce48dfd3be195775625c80a11170c7de12cb212360f4dceae0c2f950,ab42278b4b3cff56a4e57f871ee9b72f40c8fb148808ea7b38be57f454ef0453,ShowImage;ShowImageSeq;_layout_last_picture;scene_image,ShowImage;ShowImageSeq;_layout_last_picture;scene_image
modified,image_showing_code,Town/Arts/BarberShop.rpy,20049,20802,2026-06-07T03:21:43,2026-05-25T20:34:28,74f2bc29c69943f4b0cb03fb7159ccfbeaeb0bb36a579b2ad985713bc12f1bc9,12340f4437136c0f3e7b7a3e073db3fc78b04e05ec3f1960f27b624c79f4d61e,ShowImage;_layout_last_picture;scene_image;.jpg;images/,ShowImage;_layout_last_picture;scene_image;.jpg;images/
modified,image_showing_code,Town/Arts/Dress/DressShop.rpy,14784,40085,2026-06-06T14:27:34,2026-05-25T20:34:28,f521aab626470b4cd2316ea8d5a3bafd25d619ea5800ee16e895638ef4b6365c,e50689767b2ce71b456c3b94be37f723edad30d4e18371a156821c1ecce93415,_layout_last_picture;scene_image;build_media_ref;.png;images/,_layout_last_picture;build_media_ref;.png;images/
modified,image_showing_code,Town/Arts/Dress/DressShopFemaleSamples001.rpy,1139,427,2026-05-31T13:58:41,2026-05-25T20:34:28,cd95844c7271e648a017abcf1d476b6181b1a594a2c709c4b33d6902bf0ebcd9,87509961c599acbb529349094608e792dfc74c9c38e608f30830ab7e4b5d1e24,.png;images/,
modified,image_showing_code,Town/Arts/Dress/DressShopMaleSamples001.rpy,1118,407,2026-05-31T13:58:45,2026-05-25T20:34:28,387ea1a68cd4853ccc6ae5267411df5c226f9990d86ad40f23d8e83b54433ef5,e21a1ad46ba19609100139715be452c0db1c10cb618b382ed3a3424a72b6e2af,.png;images/,
modified,image_showing_code,Town/Arts/Dress/DressShopWorktable001.rpy,1942,1479,2026-05-31T13:58:48,2026-05-25T20:34:28,f61913f2394edb9b8c0c5df0b62499c10fa358b071a66dd5ff92f82807d5abd7,67fe3090587e99505ac3e4fdf7b55aed17e2ea5fd53024d7e7eed4a6c9172e5b,.png;images/,
modified,image_showing_code,Town/BeckyHome.rpy,20559,20127,2026-06-06T14:30:26,2026-05-25T20:34:28,a0ee2eaf31f6d66846145d2a96a00f51ea206b1c75033f7eb8599c1ae83869de,32ac7ee77ee90531414b3a5670a34a3c72b63bad3e0a5fdb8d5f07028e2575ce,ShowImage;ShowImageSeq;_layout_last_picture;scene_image;.jpg;images/,ShowImage;ShowImageSeq;_layout_last_picture;scene_image;.jpg;images/
modified,image_showing_code,Town/BeckyHomeFront.rpy,26187,26181,2026-05-27T17:52:57,2026-05-25T20:34:28,4fc76aa5b0ae250026538a4d97844b5cd8cf564378f08d3ecfda791edb474ab3,f1ef6cbd9b5f3ee7aa4195224478e07cd160434be5d8461a8c20073385d713c4,ShowImage;ShowImageSeq;.jpg;images/,ShowImage;ShowImageSeq;.jpg;images/
modified,image_showing_code,Town/Church/Church.rpy,35446,34188,2026-06-07T02:13:29,2026-05-25T20:34:28,8c5b6e84d1fae895e2e6b4d3c5aff59f7800b00f6474d7eeadeb06ed135a90f1,f4953970ef687ee618f940cc88d136ff5f273bdb03695da50c0835909416a345,ShowImage;ShowImageSeq;_layout_last_picture;scene_image;.png;.jpg;images/,ShowImage;ShowImageSeq;_layout_last_picture;scene_image;.jpg;images/
modified,image_showing_code,Town/Church/ChurchAfterCermon.rpy,5450,4894,2026-05-27T17:52:57,2026-05-25T20:34:28,9cea9584de7485609fc34b60af80b30ea612c49ce28f0024ad31008a9fa59895,07c4f068db2586635ba3ab7aa66b56129e8c2eaa177580f00ea4a8090aa734dd,ShowImage,ShowImage
modified,image_showing_code,Town/Church/ChurchIspoved.rpy,6202,8048,2026-05-27T17:52:57,2026-05-25T20:34:28,a4709e3fcdd8ef41b17e7cc0c3503444a3482b25083eee84a0e286bad308298d,f14c5894c854d6113f7cc0b8817c1fa66c383b674838e2d222adfe8eff763271,ShowImage,ShowImage;ShowImageSeq
modified,image_showing_code,Town/Church/ShowChurchDraupnirList.rpy,4214,5404,2026-06-02T10:53:31,2026-05-25T20:34:28,35de55d00c2784f6c7f4458cc2daec5c47a938611dfc71cfd581d277e11d8a52,41746ae802fba57984720d6f97cf4680ecaca191465ec308e562d83b95e68a9c,ShowImage;ShowImageSeq,ShowImage;ShowImageSeq
modified,image_showing_code,Town/CityGuard.rpy,10577,10165,2026-05-27T17:52:57,2026-05-25T20:34:28,b92eb37dd2bcd5229604bc8e0263bec43eb412c5a9b8f346bf0abd374c3922ea,42f4739d96184bf05ed7b66789a6131a38d582cd047eb1e59a4897f646b84720,ShowImage;.jpg;images/,ShowImage;.jpg;images/
modified,image_showing_code,Town/GroceryStore.rpy,23777,24321,2026-06-07T03:26:30,2026-05-25T20:34:28,ddfe5ccd9c8d07204bb96cb99ea1ca0a2b6bf5556e2cdd9682765fb62b24f8dd,7d92a19b57b38f574184a415b4fca1397487196d748047c6f0e985e9669f79de,ShowImage;_layout_last_picture;scene_image;.png;.jpg;images/,ShowImage;_layout_last_picture;scene_image;.png;.jpg;images/
modified,image_showing_code,Town/HunterClub.rpy,42599,42246,2026-06-05T11:18:16,2026-05-25T20:34:28,11047a0dc105074488aa9c00d7a22da13a26adb4c7638d64f6e471b5d68d933f,5c09921a1bb723107ff908ba331c451177f6ed3281f97c56f6f6f8c901d84c81,_layout_last_picture;scene_image;.png;.jpg;images/,_layout_last_picture;scene_image;.png;.jpg;images/
modified,image_showing_code,Town/Market/FridayDance.rpy,11273,13801,2026-06-06T15:57:34,2026-05-25T20:34:28,3a9cf7e9eafb560eff3d95d4d77d7664c3f48720ed651003b4913d243fd6ecdd,ddbd6eed2559276c3e317e1cf30eb64764219d31382a88e7d54d97851346cdbe,ShowImage;.jpg;images/,ShowImage;.jpg;images/
modified,image_showing_code,Town/Market/MarketPlace.rpy,20565,25096,2026-06-08T09:03:22,2026-05-25T20:34:28,c726c921cfc8d169af93c156b95a9d47c9d623c04bb9efcc9cd61af87e1c44b4,f3a419186014cf9d8c845149db1877518f364b658be513ee0ff4ab3e0564b757,ShowImage;ShowImageSeq;vscene;_layout_last_picture;scene_image;.png;.jpg;images/,ShowImage;ShowImageSeq;_layout_last_picture;scene_image;.png;.jpg;images/
modified,image_showing_code,Town/PortStreets.rpy,17337,17452,2026-06-07T03:23:25,2026-05-25T20:34:28,8d8730ee99b570ed030bc7ae9e779a16e8cc25c46725f4c42cecfc831b0fab7d,dffb0ebf2ea344faacb9954be1376806f9982a49122b9cf3a29bb9b1d3a91bc6,ShowImage;ShowImageSeq;_layout_last_picture;scene_image;.png;.jpg;images/,ShowImage;ShowImageSeq;_layout_last_picture;scene_image;.png;.jpg;images/
modified,image_showing_code,Town/RandomTownEvents.rpy,44236,36917,2026-06-06T17:50:36,2026-05-25T20:34:28,9a9e152f2e509fc87765acb036a48fc592bf63f01a3363dd65423148fa9388ee,c9099cf1b79591d7a3c7cb937b0c0fdb2b524e92e957ab28bdb8d7e1b399f4be,_layout_last_picture;scene_image,
modified,image_showing_code,Town/StolyarWorkshop.rpy,19543,20380,2026-06-07T03:21:53,2026-05-25T20:34:28,954fd2cd03a5c0566ba3968bd75525bd8a1cd03a4b3563aa3f24a3355981d3bc,adb2d3aae8b66ed95b97464f5f932c259e9230becbcef4b028619e8a9ebb3a21,ShowImage;ShowImageSeq,ShowImage;ShowImageSeq
modified,image_showing_code,Town/StreetTavern.rpy,10958,10846,2026-06-07T03:23:25,2026-05-25T20:34:28,c77f8771f53734361ef6fa27c3f14c1b86a7981be348048374e6f17c4201e762,409e3d6023447b163093707dab1ea00b2bf8657ff0450ccf7e7dd127412aea21,ShowImage;ShowImageSeq;scene_image,ShowImage;ShowImageSeq;scene_image
modified,image_showing_code,Town/Temple/EllonaTemple.rpy,16441,16369,2026-06-02T10:53:31,2026-05-25T20:34:28,69399637bf1e023073fcd32e81edf19e4fc30867567017d280d7616ee2a26a3c,94306d8332adb0ff74df02456c8f227858bb736c74ce608acb0df4919d681ba3,ShowImage;ShowImageSeq;_layout_last_picture;scene_image;.png;.jpg;images/,ShowImage;ShowImageSeq;_layout_last_picture;scene_image;.png;.jpg;images/
modified,image_showing_code,Town/Temple/EllonaTempleMenu.rpy,14097,13936,2026-05-27T17:52:58,2026-05-25T20:34:28,aae5bb0a9541b2e4f110caa8c07a6295e22dc8c6f5ebc8bd15cabdb849f5ae30,1d4adc7e4b7b2b7c3e8d59acede76da3c8056ad7aebb4b22643f5bcedfa97bf4,ShowImage;ShowImageSeq;.jpg;images/,ShowImage;ShowImageSeq;.jpg;images/
modified,image_showing_code,Town/Temple/GiveBirthFinish.rpy,5836,5470,2026-05-27T17:52:58,2026-05-25T20:34:28,89fe5c8ffdea274c32055150829fafb1d07b29eb392c71d596a89dd282ffabf8,f8aee21855ee96fb17640d60fed0ceddab51537ee0cbea88a62eb140f0eaba25,ShowImage;.png;images/,ShowImage;.png;images/
modified,image_showing_code,Town/Temple/GiveBirthStep2.rpy,4277,3978,2026-05-27T17:52:58,2026-05-25T20:34:28,855d2714e790337fda86d14dce0e8d4c08b92237bc51139b1af6da542fbc2dc6,c0ca9f6e3ceee3053b2d9a1cfd30e26faa0ea814e311cff50853b3a9a9bbf013,ShowImage;.jpg;images/,ShowImage;.jpg;images/
modified,image_showing_code,Town/WineStore.rpy,15434,15221,2026-06-07T03:26:30,2026-05-25T20:34:28,6f730c7117e3850ca4d0f2679c6c1b80b9649dececf2e3d0756ce9e8e30c9804,edf2ee46b68edad5761e26b81bd285f092bce5c604eb828105d678ae2a11cfdb,ShowImage;_layout_last_picture;scene_image;.png;.jpg;images/,ShowImage;_layout_last_picture;scene_image;.png;.jpg;images/
modified,image_showing_code,Utilities/Fight/FightSystemRuntime.rpy,71455,64588,2026-06-02T11:19:04,2026-05-25T20:34:28,e9dbfed239c02ed0efa1f965ab33961ead046b22575101ac3e738bfc10bb2603,509a047f7421476f731ab7729b5ab6c21d48e3284976d1a3301027f8571db5b9,_layout_last_picture;scene_image;.png;images/,_layout_last_picture;scene_image;.png;images/
modified,image_showing_code,Utilities/General/Classes/StoryEventRuntime.rpy,65467,69374,2026-06-08T11:38:03,2026-05-25T20:34:28,5999007982abc5708b442f5af9db5b0ce4cfdb7ec59cd8b72cb30dc44b62de3f,4beaeba803ac2475a78c0a7af9137e421ddd5380985f210d3f52dafc827457b4,ShowImage;.png;.jpg;images/,ShowImage;.png;images/
modified,image_showing_code,Utilities/General/Clothes/DressNoShow.rpy,7551,7158,2026-05-27T17:52:59,2026-05-25T20:34:28,a0fd6f8162ca2f2e04db413eef45260af369320679710f93feb9f3b36840a6c4,6eeb0d4106e80c3313cf07340f927ecf66d67456c67c8acc8f0e5ebc098f304b,ShowImage,ShowImage
modified,image_showing_code,Utilities/General/Clothes/DressTry.rpy,11630,10856,2026-05-31T13:39:59,2026-05-25T20:34:28,c32563a4cc719cfaa9696f98ef7b1917a3f0558d235efca0615a93a7e91b578b,99adb4ce50c6aff06fe94b8607a99b4f6cc15e574dafed1bc1cc2d27e782bd5d,_layout_last_picture,_layout_last_picture
modified,image_showing_code,Utilities/General/Common/DebugTools.rpy,78072,26170,2026-06-06T17:24:00,2026-05-25T20:34:29,a5eee0932b6e204de2df204b5bb9ce9393967f288cb1d4d831b8148c806e3ec2,d692c21b5a70e1f96214aba96bc8807aa62d0a9bc661776ed072fcf292c3c35a,ShowImage;ShowImageSeq;vscene;_layout_last_picture;build_media_ref;.png;.jpg;images/,ShowImage;ShowImageSeq;_layout_last_picture;.png;.jpg;images/
modified,image_showing_code,Utilities/General/Common/NarratorRuntime.rpy,1024,613,2026-05-27T17:53:00,2026-05-25T20:34:29,ab2cb1a27074a96a686ee0e55f80de54ab267d20438e60ba014dacb69b8d6594,f38a2cf5dad16e6d2727e96ef02de842b9eecdac5d039c9f9fee6a4b84c39029,.png;images/,.png;images/
modified,image_showing_code,Utilities/General/Common/RuntimeCompat.rpy,1186,930,2026-05-27T17:53:00,2026-05-25T20:34:29,8d355fdd747549fccc2ad5fccd8714527bbadaa97079b133da132fa6b5fdbdec,78b9e2ccfec6703993b4f3b729b4daf24cdfee225721e5c8f51d4935613fecd4,ShowImage,ShowImage
modified,image_showing_code,Utilities/General/Common/missing_functions.rpy,1394,982,2026-05-27T17:53:00,2026-05-25T20:34:29,67d8a921df2e488a42e19922fc61639770a53c9a128f803221ed1a347605340a,743a7b2bfd522ef7be1fc96e22fac8eefa1f4f2c94ec42a86ce34b970c26eb27,ShowImage,ShowImage
modified,image_showing_code,Utilities/General/NPC/CharacterActionHub.rpy,46200,4884,2026-06-07T03:21:36,2026-05-25T20:34:29,f000e6f5285b091fe491ea537034a9a366143ce59d7d9de2335f08ed5afdc513,189c1a8dfc608e47ff3227cd83bbf17fb19ef299b683ec2b1a8b8d8415a42313,ShowImage;_layout_last_picture;images/,
modified,image_showing_code,Utilities/General/NPC/PartEventYourFirstReaction.rpy,11159,12262,2026-06-01T22:31:31,2026-05-25T20:34:29,481aa47fb439d3cd78bb3724436eb64756f1d96862191fe7eab7afd4b1467ae1,6921c6099771feb9b6016f4c56a7955ef77e7dcc8df5bdc7a579556e883bb886,,_layout_last_picture
modified,image_showing_code,Utilities/General/Screens/BgAliases.rpy,1834,1422,2026-05-27T17:53:02,2026-05-25T20:34:29,5fb782e8e42ce177df2f4bdb995939a277cb505ee4a5b755ce9b6fa789a6354a,82ca0ac4be584daaa32c581bd08cfbce3a53e11a8d8b1c42f9ec61fb564a667f,.png;.jpg;images/,.png;.jpg;images/
modified,image_showing_code,Utilities/General/Screens/PlayerCard.rpy,61891,60286,2026-06-06T14:26:25,2026-05-25T20:34:29,f3f0537c3fb55ba5bb3091ef23a0500984597d42badbb799c8b7b73d00372fee,79be5fd956ba228f6a60a06b8b4a4b66dd5328f2469d296e5fdcf5b405aca815,.png;.jpg;images/,.png;images/
current_only,image_showing_code,Utilities/General/Screens/SceneActionPanel.rpy,6718,,2026-06-06T15:57:34,,80726ee4e726e6f75d4ebe8b6196c951ab4430b929ec412e0986f408950abd4f,,vscene,
modified,image_showing_code,Utilities/General/Screens/ShowImage.rpy,20061,25640,2026-05-31T11:43:57,2026-05-25T20:34:29,a98b06995f88d40a3cde3fa1bb81ca303a9ebcf12ffce7c14c58d0b7e7895e52,d1629e2a80fa7cdf96c60c92c4d5e06f278f0cd687532ba01d484f14cb6e862d,ShowImage;ShowImageSeq;_layout_last_picture;scene_image;build_media_ref;resolve_media_ref;media_displayable;resolve_main_ui_picture;renpy.show;renpy.scene;renpy.easy.displayable;Movie(;movie;.png;.jpg;.jpeg;.webp;.webm;.mp4;images/,ShowImage;ShowImageSeq;_layout_last_picture;scene_image;build_media_ref;resolve_media_ref;media_displayable;resolve_main_ui_picture;renpy.show;renpy.scene;renpy.easy.displayable;Movie(;movie;.png;.jpg;.jpeg;.webp;.webm;.mp4;images/
modified,image_showing_code,Utilities/General/Screens/main_layout.rpy,48907,41205,2026-06-08T08:46:11,2026-05-25T20:34:29,30af42c2c102300d5e608e2d3daaa96dd4d98708e306221b414ecb50bc58efb2,0582531f73d44b15406413c69a8492f24cc219d7995fa533e6b05e81f8f80276,scene_image;media_displayable;resolve_main_ui_picture;.png;images/,scene_image;media_displayable;resolve_main_ui_picture;.png;images/
modified,image_showing_code,Utilities/General/Sex/HarassDiscussImage.rpy,892,579,2026-05-27T17:53:02,2026-05-25T20:34:29,5fb9746a7801fc4faf13228901aa0eaa364031da344c054ee3f650134e54ef04,de668506a9b88508e41b50ae7385267764a76fd029cb3329a96fb35d162f2db4,ShowImage,ShowImage
modified,image_showing_code,Utilities/General/Sex/HarassShowImage.rpy,2760,4757,2026-06-08T12:26:22,2026-05-25T20:34:29,e8dd02a24a2c1ee4bf950b3bc44757c438eef0bf883eeeb847b4b75698e118b5,88adbf594ac06710ba00d12a2366a74cdf7ea46018e8c6853607759ed20bc332,ShowImage;ShowImageSeq,ShowImage;_layout_last_picture;.png;.jpg;images/
modified,image_showing_code,Utilities/General/Sex/StreetClients.rpy,11282,10894,2026-05-27T17:53:03,2026-05-25T20:34:29,b726072f00c2998359072edb449912d4a5d854e569aefbc0c21b5bee06b59292,89d8454e24b3ab97879445f37f69986b99df2e1a72d67574be8a3793a3dd3856,ShowImage;ShowImageSeq,ShowImage;ShowImageSeq
modified,image_showing_code,Utilities/Time/NextDay.rpy,16425,16274,2026-06-07T20:26:52,2026-05-25T20:34:29,1e1f86e8b76a3848239c07f7d469b8aac49324bd2e995fe3dd744ecda236e030,ddf404a2a3129d166550550a7a3391ccc09e34bbc4506bb1ffcb2dcee3bbb6b3,.png;images/,.png;images/
modified,image_showing_code,Utilities/Time/TimeChangeMenu.rpy,6395,7207,2026-06-06T16:52:11,2026-05-25T20:34:29,a475473ae4f1eee3ebabd87f0884c0690c3dbbbf3c7dd96d5d02e8365f4d766d,95922d6f0ca1e97c7ac3456782b6a0addc76cf213f36af0119cbb09c12fd511a,.png;images/,.png;images/
modified,image_showing_code,gui.rpy,16879,16464,2026-05-27T16:22:45,2026-05-25T20:34:29,6c27bb73baeefdc9a4ae75ee67f0ad779b62ae9d3a8cf6bd0dc3a5e49fcf7f0c,d5130ec3c2218b0e9ef22f1fd3c98455d236d2bc02436774aab455cdc41ae0ac,.png,.png
modified,media_asset,gui/bar/bottom.png,838,838,2020-12-09T06:45:38,2026-05-25T20:34:29,c6bdf597054014461bdc06240d49b379511aaf0eba7777bbb6438079f81f0efe,abce926e4f853fbb0f5c2539bbb2b7f8deb0e4e2d67040a4cc3b4cff23132262,,
modified,media_asset,gui/bar/left.png,269,521,2021-03-18T13:25:44,2026-05-25T20:34:29,574630a158a755eef62ed359e1a2cef61b1a6cab85e21fd661e293e405ad789b,450e7407107cbb9d4ddf3674a32879348e474724690666867c0321feecd5d4cd,,
modified,media_asset,gui/bar/right.png,269,523,2021-03-18T13:26:24,2026-05-25T20:34:29,941bc6c460518402e7474bc4fca09fa5073771fde7ec261ebcb81a038d901101,02a47547a88fcbb90b24f7808c74a7fca61e2433431ac5e331fa7da54e84bc3d,,
modified,media_asset,gui/bar/top.png,838,839,2020-12-09T06:45:38,2026-05-25T20:34:29,ec1d789728fd1560a4ccb62e1e4ff132ad3f55e7c3d163e5191d5fe9a023fbe8,26e3e29fadf946b9f2cbca0ad7c17509c9c7533a8bfe508a22ea2b4861ee0cfe,,
current_only,media_asset,gui/button/check1_foreground.png,104,,2020-12-09T06:45:38,,2f8e60679950e9aa2671e926fdf1cd70892d3c4057787a5e02321b2479174976,,,
current_only,media_asset,gui/button/check1_selected_foreground.png,158,,2020-12-09T06:45:38,,565ca290a01aa00ae8e97b20fc7f97c031a05cd66580fc5851031a6ed54a871d,,,
modified,media_asset,gui/button/check_foreground.png,178,104,2020-12-28T13:57:00,2026-05-25T20:34:29,c48cfa3b3c08bd39b34c2a426f23b2f86a9f8f87654d6682ea070e142f895d9b,2f8e60679950e9aa2671e926fdf1cd70892d3c4057787a5e02321b2479174976,,
modified,media_asset,gui/button/check_selected_foreground.png,368,160,2020-12-28T13:59:44,2026-05-25T20:34:29,24a85fdf5cd21e72b8eee72d55c9442afa0751fd19479117633f78d9c1634ef3,60e05a75e9d63911eb7da99ea659e9a0329b0e0d841fc9a81d40c3331710e7a5,,
current_only,media_asset,gui/button/choice_hover_backgroundX.png,1751,,2020-12-09T06:45:28,,42e03529bcdcfff73a577a5abf413408d4e287e858c86f635acd6e6648506ef3,,,
modified,media_asset,gui/button/radio_selected_foreground.png,158,160,2020-12-09T06:45:38,2026-05-25T20:34:29,565ca290a01aa00ae8e97b20fc7f97c031a05cd66580fc5851031a6ed54a871d,60e05a75e9d63911eb7da99ea659e9a0329b0e0d841fc9a81d40c3331710e7a5,,
modified,media_asset,gui/button/slot_hover_background.png,3054,3056,2020-12-09T06:45:38,2026-05-25T20:34:29,da1b2ea263697092ba5544cb7504e98f544954a8bc4dcc575b0b6ad3f7fd504f,543bc7163e83af9445933a150ffadc288eb6b385a1e181528019ba3c666ae578,,
modified,media_asset,gui/button/slot_idle_background.png,2989,2994,2020-12-09T06:45:38,2026-05-25T20:34:29,df0b3fbb07f0a085eb51d63dd59dad1c33104ab27872574f828fa0bd67cdd27e,786d247ddcdda2f5acfc810b7a92a2638f970486a9bec7efae3ab1825789db25,,
modified,media_asset,gui/frame.png,7255,7259,2020-12-09T06:45:28,2026-05-25T20:34:29,57a4072d2e238413bdae0dcc6c9de2ba44bccd4dc95c5a88440b5a58a722591b,3e6d3b65dafb593bd4763794c28ed5e9ada45c3aeacf00569b2a78cf90407daf,,
modified,media_asset,gui/game_menu.png,38668,38669,2020-12-09T06:45:32,2026-05-25T20:34:29,83e9a70750bb56f5477614c068d8e7e033f0844922f50d8cadaf0cbba41a1158,d6f4ddf03b5ba3be095e2ff00cb2659cd5d44807f51fd4984d7f46588d270267,,
modified,media_asset,gui/main_menu.png,38668,38669,2020-12-09T06:45:32,2026-05-25T20:34:29,83e9a70750bb56f5477614c068d8e7e033f0844922f50d8cadaf0cbba41a1158,d6f4ddf03b5ba3be095e2ff00cb2659cd5d44807f51fd4984d7f46588d270267,,
modified,media_asset,gui/overlay/game_menu.png,39462,39464,2020-12-09T06:45:28,2026-05-25T20:34:29,74cfe04773b26679bcba00d851a7e76aadddc7a8abd3bb9666730e0053715661,8c787ab666dda79d3087df6d2b2b20edf2942425bec1b4caecd4d265721fd402,,
modified,media_asset,gui/overlay/main_menu.png,39525,39527,2020-12-09T06:45:28,2026-05-25T20:34:29,b2117ce44d5bc1657f3d6cfb9fb8f64d4765c3152248d0df59a798dfd1e51369,8e59cc3984676db3636b9e449dcc841d3d68a89cf6c869df6d17fd225b5dd646,,
modified,media_asset,gui/phone/bar/bottom.png,838,838,2020-12-09T06:45:38,2026-05-25T20:34:29,c6bdf597054014461bdc06240d49b379511aaf0eba7777bbb6438079f81f0efe,abce926e4f853fbb0f5c2539bbb2b7f8deb0e4e2d67040a4cc3b4cff23132262,,
modified,media_asset,gui/phone/bar/left.png,522,521,2020-12-09T06:45:38,2026-05-25T20:34:29,4b6357b07000bc3e71d38dcbfec096d933d9f2c07a6acc0ea9d10210237e00c9,450e7407107cbb9d4ddf3674a32879348e474724690666867c0321feecd5d4cd,,
modified,media_asset,gui/phone/bar/right.png,522,523,2020-12-09T06:45:38,2026-05-25T20:34:29,ae81b399dd525866541751d254bde9fbd58466ac41f947e71348f91083913def,02a47547a88fcbb90b24f7808c74a7fca61e2433431ac5e331fa7da54e84bc3d,,
modified,media_asset,gui/phone/bar/top.png,838,839,2020-12-09T06:45:38,2026-05-25T20:34:29,ec1d789728fd1560a4ccb62e1e4ff132ad3f55e7c3d163e5191d5fe9a023fbe8,26e3e29fadf946b9f2cbca0ad7c17509c9c7533a8bfe508a22ea2b4861ee0cfe,,
modified,media_asset,gui/phone/button/check_selected_foreground.png,176,178,2020-12-09T06:45:38,2026-05-25T20:34:29,286f8c4433f546015b12d76d1088914eb1ec9635d3f513982c7489a4aed5eb39,0eb5d2e66c27ef790f3937d3bd3d10c1e8b78ea98773bcab17bd51e609d0a0b0,,
modified,media_asset,gui/phone/button/choice_hover_background.png,1751,1752,2020-12-09T06:45:28,2026-05-25T20:34:29,42e03529bcdcfff73a577a5abf413408d4e287e858c86f635acd6e6648506ef3,f3845b659956c577b42681a9ef6d911307c842886f72c98f5df8f228c0da1bfb,,
modified,media_asset,gui/phone/button/radio_selected_foreground.png,176,178,2020-12-09T06:45:38,2026-05-25T20:34:29,286f8c4433f546015b12d76d1088914eb1ec9635d3f513982c7489a4aed5eb39,0eb5d2e66c27ef790f3937d3bd3d10c1e8b78ea98773bcab17bd51e609d0a0b0,,
modified,media_asset,gui/phone/button/slot_hover_background.png,3054,3056,2020-12-09T06:45:38,2026-05-25T20:34:29,da1b2ea263697092ba5544cb7504e98f544954a8bc4dcc575b0b6ad3f7fd504f,543bc7163e83af9445933a150ffadc288eb6b385a1e181528019ba3c666ae578,,
modified,media_asset,gui/phone/button/slot_idle_background.png,2989,2994,2020-12-09T06:45:38,2026-05-25T20:34:29,df0b3fbb07f0a085eb51d63dd59dad1c33104ab27872574f828fa0bd67cdd27e,786d247ddcdda2f5acfc810b7a92a2638f970486a9bec7efae3ab1825789db25,,
modified,media_asset,gui/phone/overlay/game_menu.png,39477,38729,2020-12-09T06:45:28,2026-05-25T20:34:29,b4f4d0c356aee56cf47b9577b7e4b8681f8cc1b9e55bb76d1198a7614baf13ca,e4a893762510f8afe699fb04783576d8248cf99ece086c21adebfd5925290df3,,
modified,media_asset,gui/phone/overlay/main_menu.png,39624,38681,2020-12-09T06:45:28,2026-05-25T20:34:29,c9505dc18fde04052e31677d32f8a8f931ae9486c7b39612538be3429e61c901,9b79d0739ba2b7ff678247d3d3741d83c552caf5db74a360ca24b1f58b09996c,,
modified,media_asset,gui/phone/scrollbar/horizontal_hover_bar.png,462,465,2020-12-09T06:45:38,2026-05-25T20:34:29,2987c48733aa24e2adb66e0c2819d395773aef0c85e05feda767a0524345b1fd,52c30fc87dcf0830a977e106a3cc86a965ccbece532bd979035199b74d7f1273,,
modified,media_asset,gui/phone/scrollbar/horizontal_hover_thumb.png,465,464,2020-12-09T06:45:38,2026-05-25T20:34:29,2bf71fc4a7521249b72748d17354a2dcf7cadd02278b1f1990e478f5c5007fd1,b12ef1052ab9ad366bb79612ff65e44a3885d5bb3989db18340207cee7403609,,
modified,media_asset,gui/phone/scrollbar/horizontal_idle_bar.png,464,466,2020-12-09T06:45:38,2026-05-25T20:34:29,52fbee9828dae59ccc424de0bbf60505c684b50a7d25e7867e9193e72025136c,b20f5ed6e07cfa323a1837bdda895601b1955cf5c92c11cc0a1eaff463995623,,
modified,media_asset,gui/phone/scrollbar/horizontal_idle_thumb.png,464,464,2020-12-09T06:45:38,2026-05-25T20:34:29,879bc8bd814d6682b4c34f9cba1f83b71c7de4e74c95fafd4c7efc3af61253c8,c98df0d05712d0a6572536afa2b72e8768dec2d71179dcaa5d9fadfa481edc46,,
modified,media_asset,gui/phone/scrollbar/vertical_hover_bar.png,803,805,2020-12-09T06:45:38,2026-05-25T20:34:29,039dc5601dff0827a8926827cc5a2786e20dc2a836e9c43740667f4001ba6b53,9d791ed4c1102162a6830f2386a2532551069fc1f14a6c562f85492abbc095f9,,
modified,media_asset,gui/phone/scrollbar/vertical_hover_thumb.png,805,804,2020-12-09T06:45:38,2026-05-25T20:34:29,7b4bb4d5dc4c6a8ab8a1988cc57912c555f4523a8e8d29e23ec455afdcf4443e,da8c950e2d9f1b2708c071f6a94ca0bf40481745ed7f5cab812c09c3d6132e28,,
modified,media_asset,gui/phone/scrollbar/vertical_idle_bar.png,804,806,2020-12-09T06:45:38,2026-05-25T20:34:29,23e6a3c6ea37ca81f368df86f68f5412816cf8147a74e8653adb5f0938d2449b,c52425ab014266fc99f12b93665d3e19e88fc0acf99dbb3a5d8d8fa004742829,,
modified,media_asset,gui/phone/scrollbar/vertical_idle_thumb.png,804,804,2020-12-09T06:45:38,2026-05-25T20:34:29,67db78a7a9d56ff3775bbe80290693045d6aa8938cff55d445352741fc76d257,0e96326df26d6bcb89a3c190c20c1d51cd40d98fccfc1ae819611ab1c4caf6a9,,
modified,media_asset,gui/phone/slider/horizontal_hover_bar.png,702,703,2020-12-09T06:45:38,2026-05-25T20:34:29,86ae4a71a56c9149251fa899571fb5f5fcfa51047d1d5fa475b9d36c2af51ffa,986811788b17523c44519fcd4f234471551fb6ddb28874e2cafddf0733847303,,
modified,media_asset,gui/phone/slider/horizontal_hover_thumb.png,141,140,2020-12-09T06:45:38,2026-05-25T20:34:29,6874ee86d5eec8f0dfd3b832529188bf21ad1ca17ac1a4f0f319e48ab1999986,b6e57f535ad5e11cc1a59b82f802f2e7d549f43d59675d80446655000347838c,,
modified,media_asset,gui/phone/slider/horizontal_idle_bar.png,703,704,2020-12-09T06:45:38,2026-05-25T20:34:29,158d618551bb7ba938b0052fb50c5cb94a4303ba1a154398d68ca5391fbdfc6d,4b1253d1884853143594b85b32219f38481dad0a2103504918c0cf93d375f00b,,
modified,media_asset,gui/phone/slider/horizontal_idle_thumb.png,140,140,2020-12-09T06:45:38,2026-05-25T20:34:29,33dac25b8663457d75a805afe0f1436a9a8200cbfef8f6003882daf05882a566,65ef0152d0771830c9a8bcda94c69ef6613e1cd4b5e4484fbefe0a59b8991c64,,
modified,media_asset,gui/phone/slider/vertical_hover_bar.png,1371,1373,2020-12-09T06:45:38,2026-05-25T20:34:29,5e70fbe476d14e7a0e8175dc970834f0039d4dbdf3a0b77c3d2fcd066f38da58,86edf4569c9551cb31800423102ee7d432124e673cbe95399e07e895fabed262,,
modified,media_asset,gui/phone/slider/vertical_hover_thumb.png,146,145,2020-12-09T06:45:38,2026-05-25T20:34:29,b6b072aee4e6092850c8501680bfec1c97a31235ee3bfcafc23b0134b77fa41e,b361c0d9313b1c2cec240620f897348b4ea047a2bb6bb5af5c6f444bc6b42ba9,,
modified,media_asset,gui/phone/slider/vertical_idle_bar.png,1373,1375,2020-12-09T06:45:38,2026-05-25T20:34:29,140c2130b9bf3bfccf0696ce32859fa2a799b95902bffd1b1269cc27ea48d1ef,65eca7e1b0ebbba2334c5f275779228bd78c35a1c7be3a6e4308fdd537425ebb,,
modified,media_asset,gui/phone/slider/vertical_idle_thumb.png,145,145,2020-12-09T06:45:38,2026-05-25T20:34:29,5f263df4376621949ade6ac3ec46c560648f3a9d98c616b46dbf2136f56d377f,2ae9af14c4ce1faa050d2135992a7640ee988635672fd25bd00dd3ece5fafdb7,,
current_only,media_asset,gui/scrollbar/horizontal1_hover_bar.png,462,,2020-12-09T06:45:38,,2987c48733aa24e2adb66e0c2819d395773aef0c85e05feda767a0524345b1fd,,,
current_only,media_asset,gui/scrollbar/horizontal1_hover_thumb.png,465,,2020-12-09T06:45:38,,2bf71fc4a7521249b72748d17354a2dcf7cadd02278b1f1990e478f5c5007fd1,,,
current_only,media_asset,gui/scrollbar/horizontal1_idle_bar.png,464,,2020-12-09T06:45:38,,52fbee9828dae59ccc424de0bbf60505c684b50a7d25e7867e9193e72025136c,,,
current_only,media_asset,gui/scrollbar/horizontal2_idle_thumb.png,464,,2020-12-09T06:45:38,,879bc8bd814d6682b4c34f9cba1f83b71c7de4e74c95fafd4c7efc3af61253c8,,,
modified,media_asset,gui/scrollbar/horizontal_hover_bar.png,232,465,2020-12-27T11:11:02,2026-05-25T20:34:29,6282c80b5b9012bdf21573c1e37d4163de0f0cf7f76fa8c8074f9f96986c7645,52c30fc87dcf0830a977e106a3cc86a965ccbece532bd979035199b74d7f1273,,
modified,media_asset,gui/scrollbar/horizontal_hover_thumb.png,232,464,2020-12-27T11:09:56,2026-05-25T20:34:29,8ff5c1ce378d491196a4e2c1620f328dc1fdffc2703c82386d71edb5fbfe0ca0,b12ef1052ab9ad366bb79612ff65e44a3885d5bb3989db18340207cee7403609,,
modified,media_asset,gui/scrollbar/horizontal_idle_bar.png,232,466,2020-12-27T11:11:02,2026-05-25T20:34:29,6282c80b5b9012bdf21573c1e37d4163de0f0cf7f76fa8c8074f9f96986c7645,b20f5ed6e07cfa323a1837bdda895601b1955cf5c92c11cc0a1eaff463995623,,
modified,media_asset,gui/scrollbar/horizontal_idle_thumb.png,231,464,2020-12-27T11:03:20,2026-05-25T20:34:29,2d313d23c4919da498a7ad85846554bbf48f22ddc2505e7d702ee139b0c74501,c98df0d05712d0a6572536afa2b72e8768dec2d71179dcaa5d9fadfa481edc46,,
modified,media_asset,gui/scrollbar/vertical_hover_bar.png,803,805,2020-12-09T06:45:38,2026-05-25T20:34:29,039dc5601dff0827a8926827cc5a2786e20dc2a836e9c43740667f4001ba6b53,9d791ed4c1102162a6830f2386a2532551069fc1f14a6c562f85492abbc095f9,,
modified,media_asset,gui/scrollbar/vertical_hover_thumb.png,805,804,2020-12-09T06:45:38,2026-05-25T20:34:29,7b4bb4d5dc4c6a8ab8a1988cc57912c555f4523a8e8d29e23ec455afdcf4443e,da8c950e2d9f1b2708c071f6a94ca0bf40481745ed7f5cab812c09c3d6132e28,,
modified,media_asset,gui/scrollbar/vertical_idle_bar.png,804,806,2020-12-09T06:45:38,2026-05-25T20:34:29,23e6a3c6ea37ca81f368df86f68f5412816cf8147a74e8653adb5f0938d2449b,c52425ab014266fc99f12b93665d3e19e88fc0acf99dbb3a5d8d8fa004742829,,
modified,media_asset,gui/scrollbar/vertical_idle_thumb.png,804,804,2020-12-09T06:45:38,2026-05-25T20:34:29,67db78a7a9d56ff3775bbe80290693045d6aa8938cff55d445352741fc76d257,0e96326df26d6bcb89a3c190c20c1d51cd40d98fccfc1ae819611ab1c4caf6a9,,
modified,media_asset,gui/slider/horizontal_hover_bar.png,521,522,2020-12-09T06:45:38,2026-05-25T20:34:29,e876ab092f91d27eae70b65fc170d4cfaaa1c2822405e8a5080bd8c65ac6d3c2,196818704c1a2203bc444436ed4d521877e6e460ca31c636f375fe1df83618de,,
modified,media_asset,gui/slider/horizontal_hover_thumb.png,114,114,2020-12-09T06:45:38,2026-05-25T20:34:29,364677c4d8deb709f1a774ffda7d4e32659c2edc719cf84aad99d95644e688f8,3e88883425961ecbf6ed4df9f1a9decad8face7525448dc35643a0c73fb39981,,
modified,media_asset,gui/slider/horizontal_idle_bar.png,522,523,2020-12-09T06:45:38,2026-05-25T20:34:29,ae81b399dd525866541751d254bde9fbd58466ac41f947e71348f91083913def,02a47547a88fcbb90b24f7808c74a7fca61e2433431ac5e331fa7da54e84bc3d,,
modified,media_asset,gui/slider/horizontal_idle_thumb.png,114,114,2020-12-09T06:45:38,2026-05-25T20:34:29,8512a47ab2cf2a648ddd435744a5ad968f69c500b16619ec5d4fa8083c2c93a6,87e58301864fb500b9f66c0cac7f8b433f24d654f328bf39c2169eb08bd890cd,,
modified,media_asset,gui/slider/vertical_hover_bar.png,836,838,2020-12-09T06:45:38,2026-05-25T20:34:29,001451e69aa6564c9a2210834bfee6bcbf3971835203c1ca3c0c3c462cc19006,9b2bc82b5ab0d4745fb7277116c79d48cd6d5a575d8d7961d451e05fd9092bc7,,
modified,media_asset,gui/slider/vertical_hover_thumb.png,111,111,2020-12-09T06:45:38,2026-05-25T20:34:29,b9f336f45f56acb81efe9ab7d059a940d00e2b8670d0043649445a94aec4a81f,18a4769ea17c0422b591a705e6acfe54026a13f252f39e7bd0266dfba8af27de,,
modified,media_asset,gui/slider/vertical_idle_bar.png,838,839,2020-12-09T06:45:38,2026-05-25T20:34:29,ec1d789728fd1560a4ccb62e1e4ff132ad3f55e7c3d163e5191d5fe9a023fbe8,26e3e29fadf946b9f2cbca0ad7c17509c9c7533a8bfe508a22ea2b4861ee0cfe,,
modified,media_asset,gui/slider/vertical_idle_thumb.png,111,111,2020-12-09T06:45:38,2026-05-25T20:34:29,083f35f1418c5523ebeb7529ab01584cd580e361629bdfed5da032b6d75d90b2,70574a0fa8d63704fe00996a201c41b43cc81524d775b4178c787b10e5f5d2da,,
modified,media_asset,gui/window_icon.png,18041,18608,2020-12-09T06:45:32,2026-05-25T20:34:29,dc8f5f2e9da309eeeae22c81cb9cf37c34656e0292066a7eb89b7ebd8e5a8311,c5dc3202e3fb2080286a0a48198a721bc37a56cca2005d9fae723a61fcba33ef,,
web_only,media_asset,images/Alber/church/cermon0.png,,2341909,,2026-05-25T20:34:29,,b1993c2f00cd7475438f0be7ba45b26fd4aa6ee62d3dff9183f7719457148145,,
web_only,media_asset,images/Alber/portrait2.png,,2695727,,2026-05-25T20:34:29,,20258647cae1623cfede55fd22f67052c140aed793390b41d5078bf5c9becc69,,
current_only,media_asset,images/Alber/portrat2.png,2695727,,2026-05-27T16:13:41,,20258647cae1623cfede55fd22f67052c140aed793390b41d5078bf5c9becc69,,,
current_only,media_asset,images/Robin/mongolAndRobin1.png,2506765,,2026-05-27T16:13:41,,91e0e0057ba2df53c90b18d300c0ce7f44cbd57aee397f94079dd4ed8b0f986f,,,
current_only,media_asset,images/Robin/mongolAndrobin.png,2579248,,2026-05-27T16:13:41,,7ea5772bcf96cc809bd3cda2618a44e6252f72cedf53ee50964d4ad6eb8d2285,,,
current_only,media_asset,images/Robin/portrait1.jpg,116125,,2026-05-27T16:13:41,,f79bedcadeb498edb61cee08e96f56926022d3952a6d5eaecf504ad62e80c26c,,,
current_only,media_asset,images/Robin/portrait2.jpg,115323,,2026-05-27T16:13:41,,a6845c9070b578c09ca6769d1cb6799a71eb8099ee9add0c8a17a84b0982abe4,,,
current_only,media_asset,images/Robin/robin.png,2765934,,2026-05-27T16:13:41,,259675459708cfaf5f257976f7ac9aa7594f52fe09a5653fe8f5fb76f2671ad1,,,
current_only,media_asset,images/Robin/robin1.png,2623876,,2026-05-27T16:13:41,,ae7ff9e37940cf2e7e8cd6bb96547cdf65ae138fbd1267e1f9a714a2f97bb722,,,
current_only,media_asset,images/Robin/robin2.png,2458904,,2026-05-27T16:13:41,,d16924ffdd4d2b026e2a5549103cef8712e5a46a72ab9523aff2faf191c38b99,,,
web_only,media_asset,images/amanda/after masturbation.jpg,,252458,,2026-05-25T20:34:29,,6fc74bc3b8c191eba6bd4bc561bdf03b198f7ed4819017645fb431864b52a5c1,,
current_only,media_asset,images/amanda/amanda teasing breakfast.jpg,362597,,2026-05-28T09:54:56,,15b0f520773f182c902ee5e27c3ea2ada41509229e95caa6516d68b46a2192c6,,,
web_only,media_asset,images/amanda/amandaFlirtz.jpg,,269735,,2026-05-25T20:34:29,,6a32c6fa3a9fc5cd7ef98aca407d36d7d148df8f834d1918f6ca16e7538b7e8d,,
web_only,media_asset,images/amanda/amanda_tease.jpg,,256421,,2026-05-25T20:34:29,,5f5f890389d933cdd60ff618d023f00aac98880130d215b56d8da417817ef8ab,,
current_only,media_asset,images/amanda/breakfast tease.jpg,289161,,2026-05-29T03:18:18,,7fcb9b2913fff3518fc51b2012441f813ef9adef4a4c8e6c35ab11404274b292,,,
current_only,media_asset,images/amanda/breakfastTease.jpg,365621,,2026-05-28T10:09:17,,88aebe01293ca78362a5d047ca5e0bb220daadbe0adecf7ba8e7f5566c7f3ee3,,,
current_only,media_asset,images/amanda/breakfasttease1.jpg,290652,,2026-05-29T03:07:32,,2a2888ee764b546d4444ae9ee59daed2cd30d6bdde7b458e731f81e1ef2d7bbc,,,
current_only,media_asset,images/amanda/breakfasttease3.jpg,279981,,2026-05-29T03:08:00,,4df9f00fde7cc0aa002fc91783b4ea67fbd7b97b36618e83bdeed4e8656b5346,,,
current_only,media_asset,images/amanda/breakfasttease6.jpg,276937,,2026-05-29T03:21:29,,2cbc3aab652334ac8c57503a91166ebaf5b419d5407b39e401ae604e70fc8bd3,,,
web_only,media_asset,images/amanda/grope/dressPanties.jpg,,68789,,2026-05-25T20:34:29,,d1d462b1667246fc0538515c8d5d01c57c74fd3e51326d405bd7256095bda72c,,
current_only,media_asset,images/amanda/grope/dresspanties.jpg,68789,,2026-05-27T16:13:41,,d1d462b1667246fc0538515c8d5d01c57c74fd3e51326d405bd7256095bda72c,,,
current_only,media_asset,images/clara/generated/clara_player_tease_01.jpg,336345,,2026-06-04T01:37:35,,61ca8acc5e32d1e24f41acf394b1f445b092988a48c1c8dcd1ec0eda07a69489,,,
current_only,media_asset,images/clara/generated/clara_player_tease_02.jpg,340882,,2026-06-04T01:40:47,,33dbae22988a28227f23289fc6af44873c115271441e9d554bc0232ae788a874,,,
current_only,media_asset,images/clara/generated/clara_striptease_01.jpg,352781,,2026-06-04T01:49:24,,d51d5f276755113db1b32ed39fd723e440ac1c18a16a8bbe017c371b827b9b1f,,,
current_only,media_asset,images/clara/generated/clara_striptease_02.jpg,318580,,2026-06-04T01:50:44,,c5da2ee98bc4511b041dafbafe5b02b1cb94cbd043be3a8b7e7812ecad9484b2,,,
current_only,media_asset,images/clara/generated/clara_striptease_03.jpg,308144,,2026-06-04T01:50:52,,80e84a845dde10c7e600bde14fa9eb213b0cc3948a68fd59ad503752c64992d1,,,
current_only,media_asset,images/clara/generated/clara_striptease_04.jpg,351518,,2026-06-04T01:52:52,,9b28a9ee0aa0cc2e8297d4bde2a7305643abcb39c3f17fa224572ea242ec5250,,,
current_only,media_asset,images/clara/generated/clara_striptease_05.jpg,370741,,2026-06-04T01:53:03,,df61e67085d4e33e8a29d972607ca4cb1196bbac6e310eb152d309df4f18f9cc,,,
current_only,media_asset,images/general/LocArtisansQuarter2 (2).jpg,106222,,2026-05-27T16:13:44,,f8647261d658d24ae2ee29866f8bfe90aac21d23d2aabf17c51825ad161161f5,,,
current_only,media_asset,images/general/LocArtisansQuarter4 (2).jpg,77278,,2026-05-27T16:13:44,,0a2989a7948672fb36c78ac95b4772065ed69129a6e9d6879ade08342307dd3c,,,
web_only,media_asset,images/locations/intro_letter_scene.png,,1940881,,2026-05-25T20:34:32,,5901e38d441eb27946dd2af9459289af4f4f66ef151527605aeccbeb3074dbd4,,
web_only,media_asset,images/melissa/Grope/assAngry.png,,2325264,,2026-05-25T20:34:32,,ab7d21c44c912cbd40dc95607f9507051d11f7933a3fb293b09782a79df8fd21,,
web_only,media_asset,images/melissa/Grope/assOk.png,,2276565,,2026-05-25T20:34:32,,7833dd15a65cb31914645288a823b4bee57e2fe1290afc21ebf397c59da45e5f,,
current_only,media_asset,images/melissa/Grope/assangry.jpg,58513,,2026-05-27T16:13:45,,773d9b80635bcbcef00b44bf5e0dac73cb25bd35fd1f1b71323013d1ce72f6cd,,,
current_only,media_asset,images/melissa/Grope/assok1.jpg,49852,,2026-05-27T16:13:45,,52a4d04205101a4bfe17ffd3589be94cec4bb27237f6dacfeb0c41238d8f9e55,,,
current_only,media_asset,images/melissa/Grope/assok2.jpg,56619,,2026-05-27T16:13:45,,4b221c099679101aed2f38bd1cd9cb498fecee539d107725a030a878a2491a25,,,
current_only,media_asset,images/melissa/Grope/inter.jpg,74030,,2026-05-27T16:13:45,,9d97463573bd098a8ef6c33184b925f6193926f19b4049674f0483e047ba6a05,,,
web_only,media_asset,images/melissa/Grope/scoldAgree.png,,2072688,,2026-05-25T20:34:32,,d2820c98034dcdc0372f14d8f3eb047b26e503352dc4683ec82122f365692062,,
web_only,media_asset,images/melissa/Grope/scoldAngry.png,,2030606,,2026-05-25T20:34:32,,85ba984c053dd92be47f3ee609e99839fb46a38b8099d74c2fc8927b26885eff,,
web_only,media_asset,images/melissa/Grope/scoldDisagree.png,,2060351,,2026-05-25T20:34:32,,8e225bd1c5812c565e347dd7a502efb86764ec8960f8e20df32ac294bf34c75f,,
web_only,media_asset,images/melissa/Grope/scoldLike.png,,1997791,,2026-05-25T20:34:32,,8623c284a99cc1dcbda35e2df74876e00f10013058df50841c1f2616f70decf3,,
web_only,media_asset,images/melissa/Grope/scoldNeutral1.png,,2143105,,2026-05-25T20:34:32,,c4dbc5ebfc65b1073d288248a7c0d1438d97115caf36e678562c0b2d5d75a8ca,,
web_only,media_asset,images/melissa/Grope/scoldNeutral2.png,,2040045,,2026-05-25T20:34:32,,ffd3a9069c4a085c5beda4c4c1fb19e82d8c72454a299275e9f25ada94581ece,,
current_only,media_asset,images/melissa/Grope/scoldangry.jpg,51065,,2026-05-27T16:13:45,,69d745d4549813857b6d4d75c1ce7421abe83da714e435df0c420de5ea7dd6b9,,,
current_only,media_asset,images/melissa/Grope/scoldneutral.jpg,51009,,2026-05-27T16:13:45,,913fc0b0d4b5003266bcd46bb09df42e132ddc1cc4e4df77bb274446bd8af55a,,,
current_only,media_asset,images/melissa/Grope/scoldok.jpg,52477,,2026-05-27T16:13:45,,d3b1300a47cdbedde055f82f5ef71ef9b4e16c25b7ddbb1cad8d531b51a05023,,,
web_only,media_asset,images/melissa/Grope/throwdeliquient.png,,2275216,,2026-05-25T20:34:32,,3cfa74c08bd0b5be37a950d8b2ea3d4800016765ce58598b01127f9d54d311a1,,
web_only,media_asset,images/melissa/Grope/titAngry.png,,2221573,,2026-05-25T20:34:32,,18d7bc8309e3995431f53e0c1024cc766c2d39a8e313f0c60e7c7ffa0865af69,,
current_only,media_asset,images/melissa/Grope/titangry1.jpg,72430,,2026-05-27T16:13:45,,c6aa24980a79f644b41bb2f67042e6e16ed727e4241bd7d034a05c467de2bb81,,,
current_only,media_asset,images/melissa/Grope/titangry2.jpg,72671,,2026-05-27T16:13:45,,389cef5ad8af5ebbdea264d16a5167f5dbf2321743f920a36743857778be829e,,,
current_only,media_asset,images/melissa/Grope/titok.jpg,72399,,2026-05-27T16:13:45,,194d90bf74bcbf0e4a9209885f78445c6fdd26532467c6de3d8c249eda075694,,,
web_only,media_asset,images/melissa/Grope/titok1.png,,2260350,,2026-05-25T20:34:32,,3ba47f516e8d84828a0bc82487c7ce6bb0694bc31477db21c6c4fc35fc785854,,
web_only,media_asset,images/melissa/Grope/titsShy.png,,2116606,,2026-05-25T20:34:32,,1fa712eab85123b9447cb1e1a4cb1d91f67ce866fbb4fe44234cc5c647bd3b06,,
current_only,media_asset,images/melissa/Grope/titshy1.jpg,61063,,2026-05-27T16:13:45,,247db78e5ee9e5b9ddd04cf737cc8fce4a4b01cdcad6a283ccaad29e8c2300ac,,,
current_only,media_asset,images/melissa/Grope/titshy2.jpg,61110,,2026-05-27T16:13:45,,d96057233d2a823e8472e51dde8d74a6aed8949b88d8b60be1d0f00698188111,,,
web_only,media_asset,images/melissa/Grope/titsok2.png,,2187486,,2026-05-25T20:34:32,,e8cc3cdcdb67049dabd85122698dc6ed50d76f77793cc3d5dcfb146c43e3f874,,
web_only,media_asset,images/melissa/Grope/waiteresRebel2.png,,2129480,,2026-05-25T20:34:32,,16cf755e417388fe928096d149047e3f2748739c6196d5bc3d16cd7c1281b58d,,
web_only,media_asset,images/melissa/Grope/waiteressrebel3.png,,2116630,,2026-05-25T20:34:32,,3d9fb16f496b9e60801808b202e49078f72d92253946e979af1af84b720b4f0b,,
web_only,media_asset,images/melissa/Grope/waiteringrebel1.png,,2119320,,2026-05-25T20:34:32,,0e3cb196935cbea3e0a1d347931fead786fd92ee24c3fd081ad58cd0e9ca8cac,,
web_only,media_asset,images/melissa/Grope/waitressrebel4.png,,2160115,,2026-05-25T20:34:32,,a3e04854830b21c00c213b02187e228cbc08339119146f84c1f98385e046dc61,,
web_only,media_asset,images/melissa/amandaRoom/underBedsearch_0.png,,2267175,,2026-05-25T20:34:32,,d8b0da6f218c931a059cbdd089667c220f19653bed807c9f77471bc30ce53650,,
web_only,media_asset,images/melissa/amandaRoom/underBedsearch_1.png,,2270715,,2026-05-25T20:34:32,,0392e59dc9d39410c4122d0b694b7bfea7552b0ab35964b1c761892d825ee8e6,,
web_only,media_asset,images/melissa/amandaRoom/underBedsearch_2.png,,2630219,,2026-05-25T20:34:32,,4dfcc01980bb0b2b62131be4fe36debdc2ce9a55533da865a468b9e5a8041484,,
web_only,media_asset,images/melissa/angy.png,,2551422,,2026-05-25T20:34:32,,b64772fe5d1a36757a94c962f6201805e84011f2ebe41ad6d90c840e3df729f7,,
web_only,media_asset,images/melissa/bats/points_to_ceiling.jpg,,204534,,2026-05-25T20:34:32,,59d20681bca62a640c081c055a4a9ea7b2e498d6717c86ec30bfbb804779160a,,
web_only,media_asset,images/melissa/bats/sleepless.png,,2138844,,2026-05-25T20:34:32,,826a29b3d667bf9918619c36d2093c279363abb5f2c0cc50e928aa95a3f0c09f,,
web_only,media_asset,images/melissa/bats/yawns.png,,1992660,,2026-05-25T20:34:32,,4967bed60d2e437fdb96bb342fab88769513a305ef75cfcb550834a635269f0b,,
web_only,media_asset,images/melissa/bedRoomSearch/lewd2_pages.jpg,,364627,,2026-05-25T20:34:32,,34ac966569bd0f47856b7760fd96cb235aa525b24b3432b59fc311f26e790158,,
web_only,media_asset,images/melissa/bedRoomSearch/lewd_pages0.jpg,,420705,,2026-05-25T20:34:32,,5e9559e6c120ab3b80613c5bc6a645aa3ff718ad860a78347835c6226b813c9e,,
web_only,media_asset,images/melissa/bedRoomSearch/lewd_pages1.jpg,,486049,,2026-05-25T20:34:32,,64934c4b6643740f53a700eddf727638d324abef8cd022205912ce870074dd43,,
web_only,media_asset,images/melissa/bedRoomSearch/underBedBooklet.png,,2130851,,2026-05-25T20:34:32,,f61f5c51c68868855124321e6b4903b087d68388068db97d048fb32b36ce8148,,
web_only,media_asset,images/melissa/church/cermon.png,,1837312,,2026-05-25T20:34:33,,ba7c906199fedf92e7c721c8d83c5ad382b1471bfb7ca1bb00b7da8f0b0eecbc,,
current_only,media_asset,images/melissa/church/sisters.png,1837312,,2026-05-27T16:13:45,,ba7c906199fedf92e7c721c8d83c5ad382b1471bfb7ca1bb00b7da8f0b0eecbc,,,
web_only,media_asset,images/melissa/happy.png,,2537891,,2026-05-25T20:34:33,,742cb249fe2a748ee85089458a5711c185301acb8c606af548b504c1bfab5ef8,,
web_only,media_asset,images/melissa/nonwakeup.png,,2446858,,2026-05-25T20:34:33,,8f1b6b94e7b0a0a2374f567bae8fa40649b6f8fb79ca02f7e30c1f9c43ae9cdd,,
current_only,media_asset,images/melissa/points_to_ceiling.jpg,204534,,2026-05-27T16:13:45,,59d20681bca62a640c081c055a4a9ea7b2e498d6717c86ec30bfbb804779160a,,,
current_only,media_asset,images/melissa/sleepless.png,2138844,,2026-05-27T16:13:45,,826a29b3d667bf9918619c36d2093c279363abb5f2c0cc50e928aa95a3f0c09f,,,
web_only,media_asset,images/melissa/tavern/MelissaBedroom/melissa_sleeps.png,,545551,,2026-05-25T20:34:33,,0f918d778cc4ddd3a699a3c4485c166420f2a81ad16434bcaa18cd691be1edf2,,
web_only,media_asset,images/melissa/tavern/MelissaBedroom/melissa_sleeps_0.jpg,,560417,,2026-05-25T20:34:33,,dcb6cbaff3990878b4291e901666029df285db27cc2df0ce4ea016ac69e81dd1,,
web_only,media_asset,images/melissa/tavern/MelissaBedroom/melissa_sleeps_1.png,,559690,,2026-05-25T20:34:33,,7a3b23d60a71b81af54b85ea1bcbe6024b2b2c0aa7094fa1f414418fb78f5c80,,
web_only,media_asset,images/melissa/tavern/MelissaBedroom/melissa_sleeps_2.png,,2435337,,2026-05-25T20:34:33,,05be03b9e9a12aab22c6a789d1dbead08efcd95024bec3e9fae1c046a91462b5,,
web_only,media_asset,images/melissa/tavern/MelissaBedroom/melissa_sleeps_3.png,,525759,,2026-05-25T20:34:33,,53ca447d08ecfc51a7eee177847f05095098401667bb00cfe86613cf46603fc4,,
web_only,media_asset,images/melissa/tavern/MelissaBedroom/melissa_sleeps_4.png,,582964,,2026-05-25T20:34:33,,d09851a57ae253265ab2746812ef32085a77e38eebbb3f9563dc48fa1a69d143,,
web_only,media_asset,images/melissa/tavern/backYard/backyard_0.png,,2960190,,2026-05-25T20:34:33,,54f39abbd72693fb66abaf8017415753d94d823dbe3135d86b79dda3726a63ad,,
web_only,media_asset,images/melissa/tavern/backYard/backyard_1.png,,2655532,,2026-05-25T20:34:33,,418d3c93088f77c77f40c0abf2254d1de42a61e690c0b9a7cfa5a071f54e394e,,
current_only,media_asset,images/melissa/tavern/backyard_0.png,2960190,,2026-05-27T16:13:45,,54f39abbd72693fb66abaf8017415753d94d823dbe3135d86b79dda3726a63ad,,,
current_only,media_asset,images/melissa/tavern/backyard_1.png,2655532,,2026-05-27T16:13:45,,418d3c93088f77c77f40c0abf2254d1de42a61e690c0b9a7cfa5a071f54e394e,,,
current_only,media_asset,images/melissa/tavern/basement.png,2992562,,2026-05-27T16:13:45,,cb592c9dfc560bc24f701d184cadb6cf3d2f4f325bc7944d7e44580bead649c7,,,
web_only,media_asset,images/melissa/tavern/basement/basement.png,,2992562,,2026-05-25T20:34:33,,cb592c9dfc560bc24f701d184cadb6cf3d2f4f325bc7944d7e44580bead649c7,,
web_only,media_asset,images/melissa/tavern/basement/rat_in_basement_melissa.png,,2776912,,2026-05-25T20:34:33,,ba30ac6abe4e34d4a610d0f082128a88d7fe50d00b7761ba3b236cd44fa78642,,
current_only,media_asset,images/melissa/tavern/clean_0.png,2092503,,2026-05-27T16:13:45,,4c16b19f6549fa83e40ce006e57d01f6ca0f93279fd2b70b54c477e1fcd3e5fe,,,
current_only,media_asset,images/melissa/tavern/clean_1.png,2460162,,2026-05-27T16:13:45,,bf43c5a54c83714a0d00f0fd04668213d91c1f6f32ea93e3aa7a1a4edac6f35b,,,
current_only,media_asset,images/melissa/tavern/cleans_0.png,2340128,,2026-05-27T16:13:45,,684e0a09556bc2e4243db1de8a6e4b19746ccf74a8228fe244620d9c361c7deb,,,
web_only,media_asset,images/melissa/tavern/kitchen/kitchen_0.png,,2172632,,2026-05-25T20:34:33,,46438701a3cf47900245dcf7f26651596ddea5cbaa8ee650f5a48aec862bba9f,,
web_only,media_asset,images/melissa/tavern/kitchen/kitchen_1.png,,2295114,,2026-05-25T20:34:33,,56796f1575d9feca32875c68265cd3f9dd7e31991e580b4cf82c2e2a7ee0ae1a,,
current_only,media_asset,images/melissa/tavern/kitchen_0.png,2172632,,2026-05-27T16:13:45,,46438701a3cf47900245dcf7f26651596ddea5cbaa8ee650f5a48aec862bba9f,,,
current_only,media_asset,images/melissa/tavern/kitchen_1.png,2295114,,2026-05-27T16:13:45,,56796f1575d9feca32875c68265cd3f9dd7e31991e580b4cf82c2e2a7ee0ae1a,,,
web_only,media_asset,images/melissa/tavern/mainHall/cleans_0.png,,2092503,,2026-05-25T20:34:33,,4c16b19f6549fa83e40ce006e57d01f6ca0f93279fd2b70b54c477e1fcd3e5fe,,
web_only,media_asset,images/melissa/tavern/mainHall/cleans_1.png,,2460162,,2026-05-25T20:34:33,,bf43c5a54c83714a0d00f0fd04668213d91c1f6f32ea93e3aa7a1a4edac6f35b,,
web_only,media_asset,images/melissa/tavern/mainHall/cleans_3.png,,2340128,,2026-05-25T20:34:33,,684e0a09556bc2e4243db1de8a6e4b19746ccf74a8228fe244620d9c361c7deb,,
web_only,media_asset,images/melissa/tavern/mainHall/waitresFall2.png,,639641,,2026-05-25T20:34:33,,fbcef0b57c6cfb6dc7889b174eda4398e3e362c929aa7de76233bf2dcb317bb6,,
web_only,media_asset,images/melissa/tavern/mainHall/waitressFall1.jpg,,340905,,2026-05-25T20:34:33,,a7c1999d320dd618bb51c80411fe5b0cd006219500dd55c373c3a2e2a6181510,,
web_only,media_asset,images/melissa/tavern/mainHall/waitress_0.png,,1883683,,2026-05-25T20:34:33,,bfac0d7b468fc783b037ccddf4458a13a7cbab397294ae3db311c4679b0385ca,,
web_only,media_asset,images/melissa/tavern/mainHall/waitress_1.png,,2281843,,2026-05-25T20:34:33,,bd9c7ef4a600a2dd8b8425f58ffa74788a45b351e3a9dc122ca5ac6cafb01c03,,
web_only,media_asset,images/melissa/tavern/mainHall/waitress_2.png,,2168437,,2026-05-25T20:34:33,,62a861c031422717eb1e2691e109b62f2ac43183bee8945bb3172e0223121751,,
web_only,media_asset,images/melissa/tavern/mainHall/waitress_4.png,,2086915,,2026-05-25T20:34:33,,52a69eb19a5efcfcd6d865cf4a6357c133c44f4223c547f28957bd9a9257c4a4,,
web_only,media_asset,images/melissa/tavern/mainHall/waitresshelp.png,,2267017,,2026-05-25T20:34:33,,e512dbdb19be459d8e4d721f482979afe2047a96086dbbd413fa9705d4bd6d2f,,
current_only,media_asset,images/melissa/tavern/melissa_sleeps.png,545551,,2026-05-27T16:13:45,,0f918d778cc4ddd3a699a3c4485c166420f2a81ad16434bcaa18cd691be1edf2,,,
current_only,media_asset,images/melissa/tavern/melissa_sleeps_0.jpg,560417,,2026-05-27T16:13:45,,dcb6cbaff3990878b4291e901666029df285db27cc2df0ce4ea016ac69e81dd1,,,
current_only,media_asset,images/melissa/tavern/melissa_sleeps_1.png,559690,,2026-05-27T16:13:45,,7a3b23d60a71b81af54b85ea1bcbe6024b2b2c0aa7094fa1f414418fb78f5c80,,,
current_only,media_asset,images/melissa/tavern/melissa_sleeps_2.png,2435337,,2026-05-27T16:13:45,,05be03b9e9a12aab22c6a789d1dbead08efcd95024bec3e9fae1c046a91462b5,,,
current_only,media_asset,images/melissa/tavern/melissa_sleeps_3.png,525759,,2026-05-27T16:13:45,,53ca447d08ecfc51a7eee177847f05095098401667bb00cfe86613cf46603fc4,,,
current_only,media_asset,images/melissa/tavern/melissa_sleeps_4.png,582964,,2026-05-27T16:13:45,,d09851a57ae253265ab2746812ef32085a77e38eebbb3f9563dc48fa1a69d143,,,
current_only,media_asset,images/melissa/tavern/rat_in_basement_melissa.png,2776912,,2026-05-27T16:13:45,,ba30ac6abe4e34d4a610d0f082128a88d7fe50d00b7761ba3b236cd44fa78642,,,
web_only,media_asset,images/melissa/tavern/thanks.png,,2415727,,2026-05-25T20:34:33,,91d6724e9a4f160d63c62269424b1aba6846bf0d4c48d5efd178b34515f53610,,
web_only,media_asset,images/melissa/tavern/thanks1.png,,2060324,,2026-05-25T20:34:33,,61eee71d36f856930a44a5a64503a5c2282f2dfe846eb97ef761ce44b8af007a,,
current_only,media_asset,images/melissa/tavern/waitress_0.png,1883683,,2026-05-27T16:13:45,,bfac0d7b468fc783b037ccddf4458a13a7cbab397294ae3db311c4679b0385ca,,,
current_only,media_asset,images/melissa/tavern/waitress_1.jpg,38202,,2026-05-27T16:13:45,,8976cec3878b544805d83dad200ad0e31c840dd03bdfe777e60cc3ada03595f4,,,
current_only,media_asset,images/melissa/tavern/waitress_2.jpg,38730,,2026-05-27T16:13:45,,0f6599cabd19ecb3d343ed7d262ee0ca4003e959f17916649d8f2a4c9427d7d0,,,
current_only,media_asset,images/melissa/tavern/waitress_3.jpg,38030,,2026-05-27T16:13:45,,2f14a889aa7e1a0cc165243f045928aaef34b100356ec2056cbf0f45eb6bde5a,,,
current_only,media_asset,images/melissa/tavern/waitress_4.png,2086915,,2026-05-27T16:13:45,,52a69eb19a5efcfcd6d865cf4a6357c133c44f4223c547f28957bd9a9257c4a4,,,
current_only,media_asset,images/melissa/thanks.png,2415727,,2026-05-27T16:13:45,,91d6724e9a4f160d63c62269424b1aba6846bf0d4c48d5efd178b34515f53610,,,
current_only,media_asset,images/melissa/thanks1.png,2060324,,2026-05-27T16:13:45,,61eee71d36f856930a44a5a64503a5c2282f2dfe846eb97ef761ce44b8af007a,,,
current_only,media_asset,images/melissa/underBedsearch_0.png,2267175,,2026-05-27T16:13:45,,d8b0da6f218c931a059cbdd089667c220f19653bed807c9f77471bc30ce53650,,,
current_only,media_asset,images/melissa/underBedsearch_1.png,2270715,,2026-05-27T16:13:45,,0392e59dc9d39410c4122d0b694b7bfea7552b0ab35964b1c761892d825ee8e6,,,
current_only,media_asset,images/melissa/unerBedsearch_2.png,2630219,,2026-05-27T16:13:45,,4dfcc01980bb0b2b62131be4fe36debdc2ce9a55533da865a468b9e5a8041484,,,
current_only,media_asset,images/melissa/yawns.png,1992660,,2026-05-27T16:13:45,,4967bed60d2e437fdb96bb342fab88769513a305ef75cfcb550834a635269f0b,,,
web_only,media_asset,images/mongol/daystocks.png,,2506398,,2026-05-25T20:34:33,,b01c122930798cf2f8c79ba4d58c31175132da1957238b5b4861fa5ae82c171e,,
web_only,media_asset,images/mongol/mongolStock.png,,2123657,,2026-05-25T20:34:33,,2c6548f4f80f525221261fb614b9993ac45e5587ff084ef6735ba225ba6ea27e,,
web_only,media_asset,images/mongol/nightStoks.png,,2154714,,2026-05-25T20:34:33,,b10034617b33ca2874312b8df672945c5a028871417e429e0fa61094c873e5e2,,
web_only,media_asset,images/player_room/erectedMelissa1.png,,2305845,,2026-05-25T20:34:33,,5df3227e2b248856fb6a1d8a816527634a2bfd53a8b599066962b630141c5414,,
web_only,media_asset,images/player_room/erectedMelissa2.png,,2052256,,2026-05-25T20:34:33,,3fb64ffb10821dfadb7d41f2dd535c114720d54fcdaf7fdbadf44892cf8b7142,,
web_only,media_asset,images/player_room/melissa in room.png,,2593200,,2026-05-25T20:34:33,,74a99b0ada29c01edeb7ba73173f5dbde9165496b13dd442366f2b692ba9af0e,,
web_only,media_asset,images/player_room/melissa in the room.png,,2691187,,2026-05-25T20:34:33,,c6f69c75dce5237290bf212491e87b4dee08b55def7f582a94fe5d4c87c65a40,,
web_only,media_asset,images/player_room/melissa_talk.png,,2203061,,2026-05-25T20:34:33,,6082f93865d2c1a7ce2ebd48d09c8cc142b8519e84f1e2fe54db48ee1d814268,,
web_only,media_asset,images/player_room/melissa_wake_up.png,,2612019,,2026-05-25T20:34:33,,dc16426af4b0e1f70a5218fcb0979a6ec7e12e1a1d7590d147beaaac948a60a9,,
web_only,media_asset,images/player_room/melissa_wake_up_2.png,,2118241,,2026-05-25T20:34:33,,a251164902d5cd3b4e6c894ee8958bacce805c405cc8767f7ff78768691cb287,,
current_only,media_asset,images/player_room/sandra_thanks.mp4,1010544,,2026-05-27T16:13:46,,f9b0fd6f7a9d828f92757a848c1e31f4ad480396b750f73a5a077b032de8dfdf,,,
web_only,media_asset,images/player_room/sandra_thanks.webm,,480108,,2026-05-25T20:34:33,,430d7da8335189f1759e2a0a8bd7d7c964ba92ab719086144afe052f9c55b714,,
web_only,media_asset,images/player_room/sandrathanks.mp4,,1010544,,2026-05-25T20:34:33,,f9b0fd6f7a9d828f92757a848c1e31f4ad480396b750f73a5a077b032de8dfdf,,
web_only,media_asset,images/player_room/surprise.png,,1934040,,2026-05-25T20:34:33,,c7bf55689b9725b450e1a00acafcfef45494dd94fa8aa0d906f625b8be9d2dab,,
web_only,media_asset,images/player_room/surprise1.png,,2118661,,2026-05-25T20:34:33,,2cb0990adabc3a8cde7c6d52d7058326b764dd3a3325d1088333db62499519c9,,
web_only,media_asset,images/player_room/window0.png,,2329330,,2026-05-25T20:34:33,,78b34f004bd3640c3b82391e7ebd57f9661de0d1c3512057ae17d1cd1a53e13d,,
web_only,media_asset,images/player_room/window2.png,,2188319,,2026-05-25T20:34:33,,06b17123e32c3230e760489ad9ffdf18972650551614b96db35af46f58fab623,,
web_only,media_asset,images/player_room/windowAmand.png,,2163728,,2026-05-25T20:34:33,,9af961db2421c00177ec17439c617bf934281bff365fd0aabb7ecc02fd2c7a30,,
web_only,media_asset,images/player_room/woodExposed.png,,2381491,,2026-05-25T20:34:33,,0497f2b71debec994786f520e5e5c16d82cdb8d44dd459b09b37b4d687374438,,
web_only,media_asset,images/robin/mongolAndRobin1.png,,2506765,,2026-05-25T20:34:33,,91e0e0057ba2df53c90b18d300c0ce7f44cbd57aee397f94079dd4ed8b0f986f,,
web_only,media_asset,images/robin/mongolAndrobin.png,,2579248,,2026-05-25T20:34:33,,7ea5772bcf96cc809bd3cda2618a44e6252f72cedf53ee50964d4ad6eb8d2285,,
web_only,media_asset,images/robin/portrait1.jpg,,116125,,2026-05-25T20:34:33,,f79bedcadeb498edb61cee08e96f56926022d3952a6d5eaecf504ad62e80c26c,,
web_only,media_asset,images/robin/portrait2.jpg,,115323,,2026-05-25T20:34:33,,a6845c9070b578c09ca6769d1cb6799a71eb8099ee9add0c8a17a84b0982abe4,,
web_only,media_asset,images/robin/robin.png,,2765934,,2026-05-25T20:34:33,,259675459708cfaf5f257976f7ac9aa7594f52fe09a5653fe8f5fb76f2671ad1,,
web_only,media_asset,images/robin/robin1.png,,2623876,,2026-05-25T20:34:33,,ae7ff9e37940cf2e7e8cd6bb96547cdf65ae138fbd1267e1f9a714a2f97bb722,,
web_only,media_asset,images/robin/robin2.png,,2458904,,2026-05-25T20:34:33,,d16924ffdd4d2b026e2a5549103cef8712e5a46a72ab9523aff2faf191c38b99,,
current_only,media_asset,images/sandra/thanks/sandra_thanks.webm,480108,,2026-05-25T20:34:33,,430d7da8335189f1759e2a0a8bd7d7c964ba92ab719086144afe052f9c55b714,,,
web_only,media_asset,images/tavern/backyard/amandaPee.png,,2013915,,2026-05-25T20:34:33,,3bc3336d7abff2a4729a8f5ce3963c8c37737b6fdc94a0592be9d7cea5e7f5a4,,
web_only,media_asset,images/tavern/backyard/windowView.png,,2163728,,2026-05-25T20:34:34,,9af961db2421c00177ec17439c617bf934281bff365fd0aabb7ecc02fd2c7a30,,
current_only,media_asset,images/townLifeRandomPic.jpg,361860,,2026-05-31T23:07:14,,3b8e8d977db395a0e0f2abffa862ed4f8c5a48bcebc4fa7e37cba153a5a27fcf,,,
modified,image_showing_code,options.rpy,8454,6980,2026-05-27T16:58:56,2026-05-25T20:34:34,b57bbd23a6bcc833ea3adeac7a9a2a2113409aabeab8484b0e13c95b66665e86,3df856dbf3579beff6aec9c5e31209d04bd86b90bb6571a629b36bf6743103eb,.png;.jpg,.png;.jpg
modified,image_showing_code,script.rpy,28540,26979,2026-06-08T05:20:29,2026-05-25T20:34:34,f31d21b2f594fe04ff69edd8b62b6bf1c445a453b2d311a1538e537df90dce7f,174decf47d14c03541e3831d7faf3d07341740ac32e42c1c11287810e3c8b814,.png;images/,.png;images/
