filename,location_name,type,detected_keywords,semantic_score,notes,tables_detected
$menu_f.txt,$menu_f,unknown,"[""IF"", ""ARGS"", ""GS"", ""END"", ""ELSEIF""]","{""movement"": 0, ""dialog"": 0, ""system"": 1, ""action"": 0, ""visual"": 0}",,False
AddCleanScreen.txt,AddCleanScreen,unknown,"[""MAINTXT"", ""GS"", ""END""]","{""movement"": 0, ""dialog"": 0, ""system"": 0, ""action"": 0, ""visual"": 0}",,False
AddCleanScreenButton.txt,AddCleanScreenButton,unknown,"[""GS"", ""END"", ""ACT""]","{""movement"": 0, ""dialog"": 0, ""system"": 0, ""action"": 1, ""visual"": 0}",,False
AddOthersSperm.txt,AddOthersSperm,unknown,"[""RAND"", ""IF"", ""ARGS"", ""END""]","{""movement"": 0, ""dialog"": 0, ""system"": 1, ""action"": 0, ""visual"": 0}",,False
AdjustOtkroven.txt,AdjustOtkroven,unknown,"[""ELSE"", ""IF"", ""ARGS"", ""OR"", ""END"", ""AND"", ""ELSEIF""]","{""movement"": 0, ""dialog"": 0, ""system"": 1, ""action"": 0, ""visual"": 0}",,False
AdvanceTime.txt,AdvanceTime,world_location,"[""ELSE"", ""GT"", ""IF"", ""ARGS"", ""GS"", ""END""]","{""movement"": 1, ""dialog"": 0, ""system"": 1, ""action"": 0, ""visual"": 0}",movement commands detected,False
AfterDanceLegare.txt,AfterDanceLegare,world_location,"[""ELSE"", ""FUNC"", ""RAND"", ""GT"", ""DYNEVAL"", ""IF"", ""MAX"", ""P"", ""CLS"", ""ARGS"", ""PL"", ""OR"", ""GS"", ""END"", ""ACT"", ""DYNAMIC"", ""AND"", ""ELSEIF"", ""CLA""]","{""movement"": 1, ""dialog"": 2, ""system"": 2, ""action"": 1, ""visual"": 0}",movement commands detected,False
AfterDanceSexLegare.txt,AfterDanceSexLegare,world_location,"[""ELSE"", ""RAND"", ""GT"", ""DYNEVAL"", ""IF"", ""P"", ""ARGS"", ""OR"", ""GS"", ""END"", ""ACT"", ""DYNAMIC"", ""AND"", ""ELSEIF"", ""CLA""]","{""movement"": 1, ""dialog"": 1, ""system"": 2, ""action"": 1, ""visual"": 0}",movement commands detected,False
AmandaAtGloryHole.txt,AmandaAtGloryHole,npc,"[""ELSE"", ""RAND"", ""GT"", ""DYNEVAL"", ""IF"", ""MAX"", ""MENU"", ""P"", ""OR"", ""GS"", ""RESULT"", ""END"", ""IIF"", ""ACT"", ""AND"", ""ELSEIF""]","{""movement"": 1, ""dialog"": 1, ""system"": 1, ""action"": 2, ""visual"": 0}",semantic npc name detected,False
AmandaAtHomeCode.txt,AmandaAtHomeCode,world_location,"[""ELSE"", ""RAND"", ""GT"", ""IF"", ""MENU"", ""NO"", ""P"", ""ARGS"", ""CLR"", ""OR"", ""GS"", ""END"", ""ACT"", ""DYNAMIC"", ""XGT"", ""AND"", ""ELSEIF"", ""CLA""]","{""movement"": 2, ""dialog"": 1, ""system"": 2, ""action"": 2, ""visual"": 0}",semantic world name detected,False
AmandaDynamicCommonBlocks.txt,AmandaDynamicCommonBlocks,npc,"[""ELSE"", ""CURLOC"", ""RAND"", ""GT"", ""DYNEVAL"", ""IF"", ""MAX"", ""P"", ""CLS"", ""ARGS"", ""OR"", ""GS"", ""RESULT"", ""END"", ""MIN"", ""ACT"", ""DYNAMIC"", ""XGT"", ""AND"", ""ELSEIF"", ""CLA""]","{""movement"": 2, ""dialog"": 1, ""system"": 2, ""action"": 1, ""visual"": 0}",semantic npc name detected,False
AmandaLegareDanceSequence.txt,AmandaLegareDanceSequence,npc,"[""ELSE"", ""RAND"", ""GT"", ""DYNEVAL"", ""IF"", ""MAX"", ""NO"", ""CLS"", ""ARGS"", ""JUMP"", ""OR"", ""GS"", ""END"", ""ACT"", ""DYNAMIC"", ""AND"", ""ELSEIF""]","{""movement"": 2, ""dialog"": 0, ""system"": 2, ""action"": 1, ""visual"": 0}",semantic npc name detected,False
AmandaLoverSex.txt,AmandaLoverSex,npc,"[""ELSE"", ""RAND"", ""GT"", ""DYNEVAL"", ""IF"", ""P"", ""CLS"", ""ARGS"", ""GS"", ""END"", ""ACT"", ""DYNAMIC"", ""AND"", ""ELSEIF"", ""CLA""]","{""movement"": 1, ""dialog"": 1, ""system"": 2, ""action"": 1, ""visual"": 0}",semantic npc name detected,False
AmandaSexDanceStreet.txt,AmandaSexDanceStreet,npc,"[""ELSE"", ""IF"", ""MENU"", ""GS"", ""END"", ""ACT"", ""AND"", ""ELSEIF""]","{""movement"": 0, ""dialog"": 0, ""system"": 1, ""action"": 2, ""visual"": 0}",semantic npc name detected,False
ArtisansQuarter.txt,ArtisansQuarter,world_location,"[""GT"", ""GS"", ""END"", ""ACT""]","{""movement"": 1, ""dialog"": 0, ""system"": 0, ""action"": 1, ""visual"": 0}",movement commands detected,False
ArtLevelText.txt,ArtLevelText,unknown,"[""ELSE"", ""IF"", ""ARGS"", ""RESULT"", ""END"", ""ELSEIF""]","{""movement"": 0, ""dialog"": 0, ""system"": 1, ""action"": 0, ""visual"": 0}",,False
BeckyEddieJoinFirst.txt,BeckyEddieJoinFirst,npc,"[""ELSE"", ""RAND"", ""IF"", ""MAX"", ""MENU"", ""P"", ""CLS"", ""GS"", ""END"", ""ACT"", ""DYNAMIC"", ""XGT"", ""AND"", ""CLA""]","{""movement"": 1, ""dialog"": 1, ""system"": 2, ""action"": 2, ""visual"": 0}",semantic npc name detected,False
BeckyHome.txt,BeckyHome,world_location,"[""ELSE"", ""RAND"", ""GT"", ""IF"", ""MENU"", ""P"", ""ARGS"", ""GS"", ""END"", ""ACT"", ""AND"", ""ELSEIF""]","{""movement"": 1, ""dialog"": 1, ""system"": 1, ""action"": 2, ""visual"": 0}",semantic world name detected,False
BeckyHomeFront.txt,BeckyHomeFront,world_location,"[""ELSE"", ""RAND"", ""GT"", ""IF"", ""MAX"", ""MENU"", ""P"", ""ARGS"", ""PL"", ""GS"", ""RESULT"", ""END"", ""IIF"", ""ACT"", ""DYNAMIC"", ""AND"", ""ELSEIF""]","{""movement"": 1, ""dialog"": 2, ""system"": 2, ""action"": 2, ""visual"": 0}",semantic world name detected,False
BeckyInviteHome.txt,BeckyInviteHome,world_location,"[""ELSE"", ""RAND"", ""IF"", ""ARGS"", ""END"", ""AND"", ""ELSEIF""]","{""movement"": 0, ""dialog"": 0, ""system"": 1, ""action"": 0, ""visual"": 0}",semantic world name detected,False
BeckyLoversInStore.txt,BeckyLoversInStore,npc,"[""ELSE"", ""RAND"", ""DYNEVAL"", ""IF"", ""OR"", ""GS"", ""END"", ""AND"", ""ELSEIF""]","{""movement"": 0, ""dialog"": 0, ""system"": 1, ""action"": 0, ""visual"": 0}",semantic npc name detected,False
BeckyQuestInit.txt,BeckyQuestInit,npc,"[""GT"", ""IF"", ""CLS"", ""GS"", ""END"", ""ACT"", ""AND"", ""CLA""]","{""movement"": 1, ""dialog"": 0, ""system"": 1, ""action"": 1, ""visual"": 0}",semantic npc name detected,False
ChangeDressTmp.txt,ChangeDressTmp,unknown,"[""ARGS"", ""END""]","{""movement"": 0, ""dialog"": 0, ""system"": 0, ""action"": 0, ""visual"": 0}",,False
ChangeTommorowHallJob.txt,ChangeTommorowHallJob,world_location,"[""ARGS"", ""END""]","{""movement"": 0, ""dialog"": 0, ""system"": 0, ""action"": 0, ""visual"": 0}",semantic world name detected,False
ChangeTommorowWhoreJob.txt,ChangeTommorowWhoreJob,unknown,"[""IF"", ""ARGS"", ""END"", ""AND""]","{""movement"": 0, ""dialog"": 0, ""system"": 1, ""action"": 0, ""visual"": 0}",,False
CheckDailyEvent.txt,CheckDailyEvent,event,"[""ELSE"", ""FUNC"", ""CURLOC"", ""RAND"", ""DYNEVAL"", ""IF"", ""NO"", ""ARGS"", ""JUMP"", ""GS"", ""RESULT"", ""END"", ""LCASE"", ""EXIT"", ""DYNAMIC"", ""AND""]","{""movement"": 1, ""dialog"": 0, ""system"": 2, ""action"": 0, ""visual"": 0}",semantic event name detected,False
CheckDailyEventExists.txt,CheckDailyEventExists,event,"[""ELSE"", ""FUNC"", ""IF"", ""ARGS"", ""JUMP"", ""GS"", ""RESULT"", ""END"", ""LCASE"", ""EXIT"", ""AND""]","{""movement"": 1, ""dialog"": 0, ""system"": 1, ""action"": 0, ""visual"": 0}",semantic event name detected,False
CheckVisibility.txt,CheckVisibility,unknown,"[""IF"", ""ARGS"", ""OR"", ""END"", ""AND""]","{""movement"": 0, ""dialog"": 0, ""system"": 1, ""action"": 0, ""visual"": 0}",,False
Church.txt,Church,world_location,"[""ELSE"", ""RAND"", ""GT"", ""IF"", ""MENU"", ""CLS"", ""OR"", ""GS"", ""RESULT"", ""END"", ""IIF"", ""ACT"", ""DYNAMIC"", ""XGT"", ""AND"", ""ELSEIF""]","{""movement"": 2, ""dialog"": 0, ""system"": 2, ""action"": 2, ""visual"": 0}",movement commands detected,False
ChurchAfterCermon.txt,ChurchAfterCermon,world_location,"[""ELSE"", ""FUNC"", ""RAND"", ""GT"", ""IF"", ""MENU"", ""ARGS"", ""OR"", ""GS"", ""END"", ""ACT"", ""AND"", ""ELSEIF""]","{""movement"": 1, ""dialog"": 0, ""system"": 1, ""action"": 2, ""visual"": 0}",movement commands detected,False
ChurchIspoved.txt,ChurchIspoved,world_location,"[""GT"", ""IF"", ""MENU"", ""ARGS"", ""GS"", ""RESULT"", ""END"", ""IIF"", ""ACT"", ""AND""]","{""movement"": 1, ""dialog"": 0, ""system"": 1, ""action"": 2, ""visual"": 0}",movement commands detected,False
CityGuard.txt,CityGuard,world_location,"[""ELSE"", ""RAND"", ""GT"", ""IF"", ""MENU"", ""OR"", ""GS"", ""END"", ""ACT"", ""DYNAMIC"", ""AND""]","{""movement"": 1, ""dialog"": 0, ""system"": 2, ""action"": 2, ""visual"": 0}",movement commands detected,False
CleanScreenOverflow.txt,CleanScreenOverflow,unknown,"[""ELSE"", ""IF"", ""MAX"", ""ARGS"", ""CLR"", ""END""]","{""movement"": 0, ""dialog"": 0, ""system"": 1, ""action"": 0, ""visual"": 0}",,False
CleanSpermRandom.txt,CleanSpermRandom,unknown,"[""ELSE"", ""RAND"", ""IF"", ""ARGS"", ""END"", ""ELSEIF""]","{""movement"": 0, ""dialog"": 0, ""system"": 1, ""action"": 0, ""visual"": 0}",,False
CockPosition.txt,CockPosition,system_logic,"[""IF"", ""ARGS"", ""END"", ""DYNAMIC"", ""AND""]","{""movement"": 0, ""dialog"": 0, ""system"": 2, ""action"": 0, ""visual"": 0}",heavy system commands detected,False
CreateDonationsList.txt,CreateDonationsList,unknown,"[""END""]","{""movement"": 0, ""dialog"": 0, ""system"": 0, ""action"": 0, ""visual"": 0}",,False
CreateDressListMenu.txt,CreateDressListMenu,system_logic,"[""FUNC"", ""IF"", ""MENU"", ""GS"", ""ARRSIZE"", ""END"", ""LCASE"", ""DYNAMIC""]","{""movement"": 0, ""dialog"": 0, ""system"": 2, ""action"": 1, ""visual"": 0}",heavy system commands detected,False
CreateMandatoryEvents.txt,CreateMandatoryEvents,event,"[""IF"", ""GS"", ""END""]","{""movement"": 0, ""dialog"": 0, ""system"": 1, ""action"": 0, ""visual"": 0}",semantic event name detected,False
CreateTavernEvents.txt,CreateTavernEvents,world_location,"[""IF"", ""JUMP"", ""GS"", ""END"", ""KILLVAR""]","{""movement"": 1, ""dialog"": 0, ""system"": 2, ""action"": 0, ""visual"": 0}",semantic world name detected,False
CreateTavernEventsPeriod.txt,CreateTavernEventsPeriod,world_location,"[""RAND"", ""IF"", ""ARGS"", ""JUMP"", ""OR"", ""END"", ""AND"", ""ELSEIF""]","{""movement"": 1, ""dialog"": 0, ""system"": 1, ""action"": 0, ""visual"": 0}",semantic world name detected,False
DailySetstatdefault.txt,DailySetstatdefault,system_logic,"[""ELSE"", ""FUNC"", ""RAND"", ""GT"", ""DYNEVAL"", ""IF"", ""MAX"", ""NO"", ""ARGS"", ""OR"", ""GS"", ""END"", ""DYNAMIC"", ""AND""]","{""movement"": 1, ""dialog"": 0, ""system"": 2, ""action"": 0, ""visual"": 0}",semantic system name detected,False
DayToText.txt,DayToText,system_logic,"[""IF"", ""SET"", ""MOD"", ""ARGS"", ""RESULT"", ""END""]","{""movement"": 0, ""dialog"": 0, ""system"": 2, ""action"": 0, ""visual"": 0}",heavy system commands detected,False
DeleteDailyEvent.txt,DeleteDailyEvent,event,"[""ELSE"", ""FUNC"", ""IF"", ""ARGS"", ""JUMP"", ""GS"", ""END"", ""LCASE"", ""AND""]","{""movement"": 1, ""dialog"": 0, ""system"": 1, ""action"": 0, ""visual"": 0}",semantic event name detected,False
DescribeSkillIncrease.txt,DescribeSkillIncrease,unknown,"[""ELSE"", ""IF"", ""ARGS"", ""END"", ""ELSEIF""]","{""movement"": 0, ""dialog"": 0, ""system"": 1, ""action"": 0, ""visual"": 0}",,False
DispFrac.txt,DispFrac,unknown,"[""ELSE"", ""IF"", ""MOD"", ""ARGS"", ""RESULT"", ""END""]","{""movement"": 0, ""dialog"": 0, ""system"": 1, ""action"": 0, ""visual"": 0}",,False
DisplayTavernEventShort.txt,DisplayTavernEventShort,world_location,"[""ELSE"", ""FUNC"", ""IF"", ""ARGS"", ""RESULT"", ""END"", ""ELSEIF""]","{""movement"": 0, ""dialog"": 0, ""system"": 1, ""action"": 0, ""visual"": 0}",semantic world name detected,False
DisplayTavernEventsSummary.txt,DisplayTavernEventsSummary,world_location,"[""FUNC"", ""IF"", ""JUMP"", ""RESULT"", ""END""]","{""movement"": 1, ""dialog"": 0, ""system"": 1, ""action"": 0, ""visual"": 0}",semantic world name detected,False
DressForNight.txt,DressForNight,unknown,"[""ELSE"", ""IF"", ""ARGS"", ""END""]","{""movement"": 0, ""dialog"": 0, ""system"": 1, ""action"": 0, ""visual"": 0}",,False
DressNoShow.txt,DressNoShow,world_location,"[""ELSE"", ""CURLOC"", ""GT"", ""IF"", ""P"", ""CLS"", ""ARGS"", ""OR"", ""GS"", ""END"", ""IIF"", ""ACT"", ""DYNAMIC"", ""ELSEIF"", ""CLA""]","{""movement"": 1, ""dialog"": 1, ""system"": 2, ""action"": 1, ""visual"": 0}",movement commands detected,False
DressShop.txt,DressShop,world_location,"[""ELSE"", ""FUNC"", ""RAND"", ""GT"", ""IF"", ""MENU"", ""P"", ""JUMP"", ""OR"", ""GS"", ""RESULT"", ""ARRSIZE"", ""END"", ""IIF"", ""LCASE"", ""ACT"", ""DYNAMIC"", ""AND""]","{""movement"": 2, ""dialog"": 1, ""system"": 2, ""action"": 2, ""visual"": 0}",semantic world name detected,False
DressTry.txt,DressTry,world_location,"[""ELSE"", ""GT"", ""IF"", ""MAX"", ""MENU"", ""P"", ""ARGS"", ""OR"", ""GS"", ""RESULT"", ""END"", ""IIF"", ""LCASE"", ""ACT"", ""DYNAMIC"", ""AND"", ""CLA""]","{""movement"": 1, ""dialog"": 1, ""system"": 2, ""action"": 2, ""visual"": 0}",movement commands detected,False
DressUp.txt,DressUp,world_location,"[""ELSE"", ""COPYARR"", ""RAND"", ""IF"", ""NO"", ""ARGS"", ""JUMP"", ""OR"", ""ARRSIZE"", ""END"", ""MIN"", ""DYNAMIC"", ""STRCOMP"", ""KILLVAR"", ""AND"", ""ELSEIF""]","{""movement"": 1, ""dialog"": 0, ""system"": 3, ""action"": 0, ""visual"": 0}",movement commands detected,False
EllonaBirthPrayMenu.txt,EllonaBirthPrayMenu,system_logic,"[""ELSE"", ""FUNC"", ""RAND"", ""IF"", ""MENU"", ""CLS"", ""ARGS"", ""OR"", ""GS"", ""RESULT"", ""END"", ""IIF"", ""ACT"", ""DYNAMIC"", ""AND"", ""ELSEIF""]","{""movement"": 0, ""dialog"": 0, ""system"": 2, ""action"": 2, ""visual"": 0}",heavy system commands detected,False
EllonaTemple.txt,EllonaTemple,world_location,"[""ELSE"", ""GT"", ""IF"", ""MENU"", ""OR"", ""GS"", ""END"", ""ACT""]","{""movement"": 1, ""dialog"": 0, ""system"": 1, ""action"": 2, ""visual"": 0}",movement commands detected,False
EllonaTempleMenu.txt,EllonaTempleMenu,unknown,"[""MENU"", ""GS"", ""END""]","{""movement"": 0, ""dialog"": 0, ""system"": 0, ""action"": 1, ""visual"": 0}",,False
EventAmandaLegareCreateDance.txt,EventAmandaLegareCreateDance,event,"[""ELSE"", ""RAND"", ""IF"", ""GS"", ""END"", ""AND"", ""ELSEIF""]","{""movement"": 0, ""dialog"": 0, ""system"": 1, ""action"": 0, ""visual"": 0}",semantic event name detected,False
EventAmandaLizettTalk.txt,EventAmandaLizettTalk,event,"[""ELSE"", ""FUNC"", ""RAND"", ""GT"", ""IF"", ""MAX"", ""MENU"", ""ARGS"", ""PL"", ""OR"", ""GS"", ""RESULT"", ""END"", ""IIF"", ""ACT"", ""AND"", ""ELSEIF""]","{""movement"": 1, ""dialog"": 1, ""system"": 1, ""action"": 2, ""visual"": 0}",semantic event name detected,False
EventAmandaLizettTalk2.txt,EventAmandaLizettTalk2,event,"[""RAND"", ""GT"", ""DYNEVAL"", ""IF"", ""MENU"", ""ARGS"", ""GS"", ""RESULT"", ""END"", ""IIF"", ""ACT"", ""AND""]","{""movement"": 1, ""dialog"": 0, ""system"": 1, ""action"": 2, ""visual"": 0}",semantic event name detected,False
EventCleaningHarrass.txt,EventCleaningHarrass,event,"[""ELSE"", ""FUNC"", ""RAND"", ""IF"", ""ARGS"", ""RESULT"", ""END"", ""ELSEIF""]","{""movement"": 0, ""dialog"": 0, ""system"": 1, ""action"": 0, ""visual"": 0}",semantic event name detected,False
EventCleaningHarrassPart2.txt,EventCleaningHarrassPart2,event,"[""ELSE"", ""FUNC"", ""IF"", ""ARGS"", ""GS"", ""RESULT"", ""END"", ""AND"", ""ELSEIF""]","{""movement"": 0, ""dialog"": 0, ""system"": 1, ""action"": 0, ""visual"": 0}",semantic event name detected,False
EventFightSmall.txt,EventFightSmall,event,"[""ELSE"", ""RAND"", ""GT"", ""IF"", ""MENU"", ""ARGS"", ""GS"", ""RESULT"", ""END"", ""IIF"", ""ACT"", ""AND"", ""ELSEIF""]","{""movement"": 1, ""dialog"": 0, ""system"": 1, ""action"": 2, ""visual"": 0}",semantic event name detected,False
EventWaitressHarrass.txt,EventWaitressHarrass,event,"[""ELSE"", ""FUNC"", ""RAND"", ""IF"", ""ARGS"", ""RESULT"", ""END"", ""ELSEIF""]","{""movement"": 0, ""dialog"": 0, ""system"": 1, ""action"": 0, ""visual"": 0}",semantic event name detected,False
EventWaitressHarrassPart2.txt,EventWaitressHarrassPart2,event,"[""ELSE"", ""FUNC"", ""IF"", ""ARGS"", ""GS"", ""RESULT"", ""END"", ""AND"", ""ELSEIF""]","{""movement"": 0, ""dialog"": 0, ""system"": 1, ""action"": 0, ""visual"": 0}",semantic event name detected,False
EventWineForDance.txt,EventWineForDance,event,"[""ELSE"", ""GT"", ""IF"", ""MENU"", ""ARGS"", ""OR"", ""GS"", ""RESULT"", ""END"", ""IIF"", ""ACT"", ""AND""]","{""movement"": 1, ""dialog"": 0, ""system"": 1, ""action"": 2, ""visual"": 0}",semantic event name detected,False
FightResult.txt,FightResult,event,"[""ELSE"", ""RAND"", ""IF"", ""ARGS"", ""RESULT"", ""END"", ""AND"", ""ELSEIF""]","{""movement"": 0, ""dialog"": 0, ""system"": 1, ""action"": 0, ""visual"": 0}",semantic event name detected,False
FrancheskaTalk.txt,FrancheskaTalk,unknown,"[""RAND"", ""MENU"", ""GS"", ""RESULT"", ""END"", ""IIF"", ""AND""]","{""movement"": 0, ""dialog"": 0, ""system"": 0, ""action"": 1, ""visual"": 0}",,False
FridayDance.txt,FridayDance,world_location,"[""ELSE"", ""CURACTS"", ""RAND"", ""WAIT"", ""GT"", ""DYNEVAL"", ""IF"", ""MENU"", ""ARGS"", ""CLR"", ""PL"", ""JUMP"", ""OR"", ""GS"", ""RESULT"", ""ARRSIZE"", ""END"", ""IIF"", ""ACT"", ""DYNAMIC"", ""AND"", ""ELSEIF"", ""CLA""]","{""movement"": 2, ""dialog"": 1, ""system"": 3, ""action"": 2, ""visual"": 0}",movement commands detected,False
GeorgettBeckyVisit.txt,GeorgettBeckyVisit,world_location,"[""ELSE"", ""RAND"", ""IF"", ""MAX"", ""MENU"", ""P"", ""CLS"", ""PL"", ""GS"", ""RESULT"", ""END"", ""IIF"", ""DYNAMIC"", ""XGT"", ""AND"", ""ELSEIF""]","{""movement"": 1, ""dialog"": 2, ""system"": 2, ""action"": 1, ""visual"": 0}",movement commands detected,False
GetGirlDrunk.txt,GetGirlDrunk,unknown,"[""IF"", ""ARGS"", ""END""]","{""movement"": 0, ""dialog"": 0, ""system"": 1, ""action"": 0, ""visual"": 0}",,False
GetRandomGirlByJob.txt,GetRandomGirlByJob,world_location,"[""ELSE"", ""RAND"", ""IF"", ""ARGS"", ""JUMP"", ""RESULT"", ""ARRSIZE"", ""END"", ""DYNAMIC"", ""KILLVAR""]","{""movement"": 1, ""dialog"": 0, ""system"": 3, ""action"": 0, ""visual"": 0}",movement commands detected,False
GirlDressBuy.txt,GirlDressBuy,world_location,"[""ELSE"", ""FUNC"", ""IF"", ""MENU"", ""CLS"", ""ARGS"", ""GS"", ""RESULT"", ""ARRSIZE"", ""END"", ""IIF"", ""LCASE"", ""ACT"", ""DYNAMIC"", ""XGT"", ""AND"", ""CLA""]","{""movement"": 1, ""dialog"": 0, ""system"": 2, ""action"": 2, ""visual"": 0}",movement commands detected,False
GirlDressSuggest.txt,GirlDressSuggest,system_logic,"[""ELSE"", ""IF"", ""ARGS"", ""OR"", ""GS"", ""END"", ""LCASE"", ""DYNAMIC"", ""STRCOMP"", ""AND"", ""ELSEIF""]","{""movement"": 0, ""dialog"": 0, ""system"": 2, ""action"": 0, ""visual"": 0}",heavy system commands detected,False
GirlsDesc.txt,GirlsDesc,dialog,"[""ELSE"", ""FUNC"", ""RAND"", ""IF"", ""P"", ""ARGS"", ""CLR"", ""PL"", ""OR"", ""GS"", ""END"", ""LCASE"", ""AND"", ""ELSEIF""]","{""movement"": 0, ""dialog"": 2, ""system"": 1, ""action"": 0, ""visual"": 0}",heavy dialog content detected,False
GirlSuggestDressFunc.txt,GirlSuggestDressFunc,world_location,"[""ELSE"", ""RAND"", ""DYNEVAL"", ""IF"", ""MAX"", ""P"", ""CLS"", ""OR"", ""GS"", ""END"", ""IIF"", ""ACT"", ""DYNAMIC"", ""XGT"", ""AND"", ""ELSEIF"", ""CLA""]","{""movement"": 1, ""dialog"": 1, ""system"": 2, ""action"": 1, ""visual"": 0}",movement commands detected,False
GiveBirth.txt,GiveBirth,system_logic,"[""ELSE"", ""FUNC"", ""RAND"", ""DYNEVAL"", ""DELACT"", ""IF"", ""P"", ""CLS"", ""ARGS"", ""OR"", ""GS"", ""SELACT"", ""END"", ""MIN"", ""IIF"", ""LCASE"", ""ACT"", ""DYNAMIC"", ""STRCOMP"", ""AND"", ""ELSEIF""]","{""movement"": 0, ""dialog"": 1, ""system"": 2, ""action"": 2, ""visual"": 0}",heavy system commands detected,False
GiveBirthFinish.txt,GiveBirthFinish,unknown,"[""DYNEVAL"", ""IF"", ""P"", ""CLS"", ""OR"", ""GS"", ""END"", ""IIF"", ""ACT"", ""ELSEIF""]","{""movement"": 0, ""dialog"": 1, ""system"": 1, ""action"": 1, ""visual"": 0}",,False
GiveBirthStep2.txt,GiveBirthStep2,unknown,"[""IF"", ""MENU"", ""P"", ""CLS"", ""OR"", ""GS"", ""END"", ""ELSEIF""]","{""movement"": 0, ""dialog"": 1, ""system"": 1, ""action"": 1, ""visual"": 0}",,False
GloryHoleBusy.txt,GloryHoleBusy,unknown,"[""IF"", ""ARGS"", ""RESULT"", ""END""]","{""movement"": 0, ""dialog"": 0, ""system"": 1, ""action"": 0, ""visual"": 0}",,False
GroceryStore.txt,GroceryStore,world_location,"[""ELSE"", ""RAND"", ""GT"", ""IF"", ""MENU"", ""OR"", ""GS"", ""RESULT"", ""END"", ""IIF"", ""ACT"", ""DYNAMIC"", ""AND"", ""ELSEIF""]","{""movement"": 1, ""dialog"": 0, ""system"": 2, ""action"": 2, ""visual"": 0}",movement commands detected,False
HarassDiscussImage.txt,HarassDiscussImage,unknown,"[""ELSE"", ""IF"", ""ARGS"", ""GS"", ""END"", ""ELSEIF""]","{""movement"": 0, ""dialog"": 0, ""system"": 1, ""action"": 0, ""visual"": 0}",,False
HarassShowImage.txt,HarassShowImage,unknown,"[""ELSE"", ""RAND"", ""IF"", ""ARGS"", ""OR"", ""GS"", ""END"", ""ELSEIF""]","{""movement"": 0, ""dialog"": 0, ""system"": 1, ""action"": 0, ""visual"": 0}",,False
HasThisDress.txt,HasThisDress,world_location,"[""COPYARR"", ""IF"", ""ARGS"", ""JUMP"", ""RESULT"", ""ARRSIZE"", ""END"", ""DYNAMIC"", ""KILLVAR""]","{""movement"": 1, ""dialog"": 0, ""system"": 3, ""action"": 0, ""visual"": 0}",movement commands detected,False
IncreaseArousal.txt,IncreaseArousal,unknown,"[""ELSE"", ""IF"", ""MAX"", ""ARGS"", ""OR"", ""END"", ""MIN"", ""LCASE""]","{""movement"": 0, ""dialog"": 0, ""system"": 1, ""action"": 0, ""visual"": 0}",,False
IncreaseSkill.txt,IncreaseSkill,unknown,"[""RAND"", ""IF"", ""ARGS"", ""END"", ""AND""]","{""movement"": 0, ""dialog"": 0, ""system"": 1, ""action"": 0, ""visual"": 0}",,False
InitAmanda.txt,InitAmanda,unknown,"[""RAND"", ""END""]","{""movement"": 0, ""dialog"": 0, ""system"": 0, ""action"": 0, ""visual"": 0}",,False
InitAmandaLizaTalkItems.txt,InitAmandaLizaTalkItems,world_location,"[""ELSE"", ""FUNC"", ""TRIM"", ""DYNEVAL"", ""IF"", ""MAX"", ""ARGS"", ""JUMP"", ""GS"", ""RESULT"", ""END"", ""IIF"", ""KILLVAR"", ""AND""]","{""movement"": 1, ""dialog"": 0, ""system"": 2, ""action"": 0, ""visual"": 0}",movement commands detected,False
InitBecky.txt,InitBecky,unknown,"[""RAND"", ""END""]","{""movement"": 0, ""dialog"": 0, ""system"": 0, ""action"": 0, ""visual"": 0}",,False
InitDressDesc.txt,InitDressDesc,unknown,"[""END""]","{""movement"": 0, ""dialog"": 0, ""system"": 0, ""action"": 0, ""visual"": 0}",,False
InitGeorgett.txt,InitGeorgett,unknown,"[""RAND"", ""GS"", ""END""]","{""movement"": 0, ""dialog"": 0, ""system"": 0, ""action"": 0, ""visual"": 0}",,False
InitInga.txt,InitInga,unknown,"[""RAND"", ""END""]","{""movement"": 0, ""dialog"": 0, ""system"": 0, ""action"": 0, ""visual"": 0}",,False
InitIrma.txt,InitIrma,unknown,"[""RAND"", ""END""]","{""movement"": 0, ""dialog"": 0, ""system"": 0, ""action"": 0, ""visual"": 0}",,False
InitLiza.txt,InitLiza,unknown,"[""RAND"", ""END""]","{""movement"": 0, ""dialog"": 0, ""system"": 0, ""action"": 0, ""visual"": 0}",,False
InitMelissa.txt,InitMelissa,unknown,"[""RAND"", ""END""]","{""movement"": 0, ""dialog"": 0, ""system"": 0, ""action"": 0, ""visual"": 0}",,False
InitSandra.txt,InitSandra,unknown,"[""RAND"", ""END""]","{""movement"": 0, ""dialog"": 0, ""system"": 0, ""action"": 0, ""visual"": 0}",,False
InitSecondaryNPC.txt,InitSecondaryNPC,unknown,"[""DEBUG"", ""END""]","{""movement"": 0, ""dialog"": 0, ""system"": 0, ""action"": 0, ""visual"": 0}",,False
IntAlberTalk.txt,IntAlberTalk,world_location,"[""ELSE"", ""FUNC"", ""RAND"", ""IF"", ""MAX"", ""MENU"", ""CLS"", ""GS"", ""RESULT"", ""END"", ""MIN"", ""IIF"", ""XGT"", ""AND"", ""ELSEIF""]","{""movement"": 1, ""dialog"": 0, ""system"": 1, ""action"": 1, ""visual"": 0}",movement commands detected,False
IntAmandaDance.txt,IntAmandaDance,world_location,"[""ELSE"", ""RAND"", ""WAIT"", ""GT"", ""DYNEVAL"", ""IF"", ""MENU"", ""P"", ""PL"", ""OR"", ""GS"", ""RESULT"", ""END"", ""MIN"", ""IIF"", ""DYNAMIC"", ""STRCOMP"", ""AND"", ""ELSEIF""]","{""movement"": 1, ""dialog"": 2, ""system"": 3, ""action"": 1, ""visual"": 0}",movement commands detected,False
IntAmandaDressChange.txt,IntAmandaDressChange,system_logic,"[""ELSE"", ""FUNC"", ""RAND"", ""IF"", ""MENU"", ""P"", ""OR"", ""GS"", ""RESULT"", ""END"", ""MIN"", ""IIF"", ""DYNAMIC"", ""AND"", ""ELSEIF""]","{""movement"": 0, ""dialog"": 1, ""system"": 2, ""action"": 1, ""visual"": 0}",heavy system commands detected,False
IntAmandaSex.txt,IntAmandaSex,world_location,"[""ELSE"", ""RAND"", ""GT"", ""DYNEVAL"", ""IF"", ""MENU"", ""P"", ""ARGS"", ""PL"", ""OR"", ""GS"", ""RESULT"", ""END"", ""MIN"", ""IIF"", ""ACT"", ""DYNAMIC"", ""AND"", ""ELSEIF"", ""CLA"", ""LOC""]","{""movement"": 1, ""dialog"": 2, ""system"": 2, ""action"": 2, ""visual"": 0}",movement commands detected,False
IntAmandaTalk.txt,IntAmandaTalk,unknown,"[""ELSE"", ""RAND"", ""DYNEVAL"", ""IF"", ""MENU"", ""P"", ""GS"", ""RESULT"", ""END"", ""IIF"", ""AND"", ""ELSEIF""]","{""movement"": 0, ""dialog"": 1, ""system"": 1, ""action"": 1, ""visual"": 0}",,False
IntBeckyAfterCermon.txt,IntBeckyAfterCermon,system_logic,"[""ELSE"", ""RAND"", ""IF"", ""MENU"", ""P"", ""CLS"", ""GS"", ""RESULT"", ""END"", ""IIF"", ""ACT"", ""DYNAMIC"", ""AND"", ""ELSEIF""]","{""movement"": 0, ""dialog"": 1, ""system"": 2, ""action"": 2, ""visual"": 0}",heavy system commands detected,False
IntBeckyDance.txt,IntBeckyDance,world_location,"[""ELSE"", ""RAND"", ""WAIT"", ""GT"", ""IF"", ""MENU"", ""P"", ""OR"", ""GS"", ""RESULT"", ""END"", ""IIF"", ""DYNAMIC"", ""STRCOMP"", ""AND"", ""ELSEIF""]","{""movement"": 1, ""dialog"": 1, ""system"": 3, ""action"": 1, ""visual"": 0}",movement commands detected,False
IntBeckyDressChange.txt,IntBeckyDressChange,system_logic,"[""ELSE"", ""FUNC"", ""RAND"", ""IF"", ""MENU"", ""OR"", ""GS"", ""RESULT"", ""END"", ""IIF"", ""DYNAMIC"", ""AND"", ""ELSEIF""]","{""movement"": 0, ""dialog"": 0, ""system"": 2, ""action"": 1, ""visual"": 0}",heavy system commands detected,False
IntBeckyGuest.txt,IntBeckyGuest,world_location,"[""ELSE"", ""RAND"", ""IF"", ""MAX"", ""MENU"", ""P"", ""CLS"", ""PL"", ""OR"", ""GS"", ""RESULT"", ""END"", ""IIF"", ""DYNAMIC"", ""XGT"", ""AND"", ""ELSEIF""]","{""movement"": 1, ""dialog"": 2, ""system"": 2, ""action"": 1, ""visual"": 0}",movement commands detected,False
IntBeckySex.txt,IntBeckySex,world_location,"[""ELSE"", ""RAND"", ""GT"", ""IF"", ""MAX"", ""MENU"", ""P"", ""ARGS"", ""PL"", ""OR"", ""GS"", ""RESULT"", ""END"", ""IIF"", ""ACT"", ""DYNAMIC"", ""KILLVAR"", ""AND"", ""ELSEIF"", ""CLA""]","{""movement"": 1, ""dialog"": 2, ""system"": 3, ""action"": 2, ""visual"": 0}",movement commands detected,False
IntBeckyTalk.txt,IntBeckyTalk,world_location,"[""ELSE"", ""FUNC"", ""RAND"", ""DYNEVAL"", ""IF"", ""MENU"", ""CLS"", ""ARGS"", ""OR"", ""GS"", ""RESULT"", ""END"", ""IIF"", ""DYNAMIC"", ""XGT"", ""AND"", ""ELSEIF""]","{""movement"": 1, ""dialog"": 0, ""system"": 2, ""action"": 1, ""visual"": 0}",movement commands detected,False
IntBeckyTalkSherwood.txt,IntBeckyTalkSherwood,unknown,"[""DYNEVAL"", ""IF"", ""MAX"", ""MENU"", ""GS"", ""RESULT"", ""END"", ""IIF"", ""AND""]","{""movement"": 0, ""dialog"": 0, ""system"": 1, ""action"": 1, ""visual"": 0}",,False
IntEddieBeckySex.txt,IntEddieBeckySex,system_logic,"[""ELSE"", ""RAND"", ""IF"", ""MENU"", ""P"", ""OR"", ""GS"", ""RESULT"", ""END"", ""IIF"", ""DYNAMIC"", ""AND"", ""ELSEIF""]","{""movement"": 0, ""dialog"": 1, ""system"": 2, ""action"": 1, ""visual"": 0}",heavy system commands detected,False
IntEddieTalk.txt,IntEddieTalk,system_logic,"[""ELSE"", ""RAND"", ""IF"", ""MENU"", ""OR"", ""GS"", ""RESULT"", ""END"", ""IIF"", ""DYNAMIC"", ""AND"", ""ELSEIF""]","{""movement"": 0, ""dialog"": 0, ""system"": 2, ""action"": 1, ""visual"": 0}",heavy system commands detected,False
IntGeorgettAfterCermon.txt,IntGeorgettAfterCermon,unknown,"[""ELSE"", ""DYNEVAL"", ""IF"", ""MENU"", ""CLS"", ""OR"", ""GS"", ""RESULT"", ""END"", ""IIF"", ""ACT""]","{""movement"": 0, ""dialog"": 0, ""system"": 1, ""action"": 2, ""visual"": 0}",,False
IntGeorgettDressChange.txt,IntGeorgettDressChange,unknown,"[""FUNC"", ""MENU"", ""GS"", ""RESULT"", ""END"", ""IIF"", ""AND""]","{""movement"": 0, ""dialog"": 0, ""system"": 0, ""action"": 1, ""visual"": 0}",,False
IntGeorgettSex.txt,IntGeorgettSex,system_logic,"[""ELSE"", ""RAND"", ""IF"", ""MENU"", ""P"", ""ARGS"", ""OR"", ""GS"", ""RESULT"", ""END"", ""MIN"", ""IIF"", ""DYNAMIC"", ""AND"", ""ELSEIF""]","{""movement"": 0, ""dialog"": 1, ""system"": 2, ""action"": 1, ""visual"": 0}",heavy system commands detected,False
IntGeorgettTalk.txt,IntGeorgettTalk,world_location,"[""ELSE"", ""RAND"", ""GT"", ""DYNEVAL"", ""IF"", ""MENU"", ""CLS"", ""ARGS"", ""OR"", ""GS"", ""RESULT"", ""END"", ""IIF"", ""ACT"", ""AND"", ""ELSEIF""]","{""movement"": 1, ""dialog"": 0, ""system"": 1, ""action"": 2, ""visual"": 0}",movement commands detected,False
IntHarrassmentDiscuss.txt,IntHarrassmentDiscuss,unknown,"[""ELSE"", ""IF"", ""MENU"", ""ARGS"", ""GS"", ""RESULT"", ""END"", ""IIF"", ""STRCOMP"", ""AND"", ""ELSEIF""]","{""movement"": 0, ""dialog"": 0, ""system"": 1, ""action"": 1, ""visual"": 0}",,False
IntLizaDressChange.txt,IntLizaDressChange,system_logic,"[""ELSE"", ""FUNC"", ""RAND"", ""IF"", ""MENU"", ""P"", ""OR"", ""GS"", ""RESULT"", ""END"", ""IIF"", ""DYNAMIC"", ""AND"", ""ELSEIF""]","{""movement"": 0, ""dialog"": 1, ""system"": 2, ""action"": 1, ""visual"": 0}",heavy system commands detected,False
IntLizaSex.txt,IntLizaSex,system_logic,"[""ELSE"", ""RAND"", ""IF"", ""MENU"", ""P"", ""ARGS"", ""OR"", ""GS"", ""RESULT"", ""END"", ""IIF"", ""DYNAMIC"", ""AND"", ""ELSEIF""]","{""movement"": 0, ""dialog"": 1, ""system"": 2, ""action"": 1, ""visual"": 0}",heavy system commands detected,False
IntLizaTalk.txt,IntLizaTalk,world_location,"[""ELSE"", ""RAND"", ""GT"", ""DYNEVAL"", ""IF"", ""MENU"", ""ARGS"", ""OR"", ""GS"", ""RESULT"", ""END"", ""IIF"", ""AND"", ""ELSEIF""]","{""movement"": 1, ""dialog"": 0, ""system"": 1, ""action"": 1, ""visual"": 0}",movement commands detected,False
IntLizettAfterCermon.txt,IntLizettAfterCermon,unknown,"[""ELSE"", ""DYNEVAL"", ""IF"", ""MENU"", ""CLS"", ""OR"", ""GS"", ""RESULT"", ""END"", ""IIF"", ""ACT"", ""AND""]","{""movement"": 0, ""dialog"": 0, ""system"": 1, ""action"": 2, ""visual"": 0}",,False
IntMelissaDressChange.txt,IntMelissaDressChange,unknown,"[""FUNC"", ""MENU"", ""GS"", ""RESULT"", ""END"", ""IIF"", ""AND""]","{""movement"": 0, ""dialog"": 0, ""system"": 0, ""action"": 1, ""visual"": 0}",,False
IntMelissaTalk.txt,IntMelissaTalk,unknown,"[""ELSE"", ""RAND"", ""IF"", ""MENU"", ""GS"", ""RESULT"", ""END"", ""IIF"", ""AND""]","{""movement"": 0, ""dialog"": 0, ""system"": 1, ""action"": 1, ""visual"": 0}",,False
Intro.txt,Intro,cutscene,"[""ELSE"", ""GOTO"", ""RAND"", ""SHOWINPUT"", ""USEHTML"", ""DEBUG"", ""DISABLESCROLL"", ""SHOWOBJS"", ""IF"", ""JUMP"", ""ADDOBJ"", ""KILLALL"", ""GS"", ""ARRSIZE"", ""END"", ""CLOSE"", ""ACT"", ""DYNAMIC"", ""SHOWSTAT"", ""LOC""]","{""movement"": 2, ""dialog"": 0, ""system"": 2, ""action"": 1, ""visual"": 1}",semantic cutscene name detected,False
IntRobinTalk.txt,IntRobinTalk,cutscene,"[""IF"", ""MENU"", ""GS"", ""RESULT"", ""END"", ""IIF"", ""AND""]","{""movement"": 0, ""dialog"": 0, ""system"": 1, ""action"": 1, ""visual"": 0}",semantic cutscene name detected,False
IntSandraDressChange.txt,IntSandraDressChange,unknown,"[""FUNC"", ""MENU"", ""GS"", ""RESULT"", ""END"", ""IIF"", ""AND""]","{""movement"": 0, ""dialog"": 0, ""system"": 0, ""action"": 1, ""visual"": 0}",,False
IntSandraTalk.txt,IntSandraTalk,unknown,"[""ELSE"", ""RAND"", ""IF"", ""MENU"", ""GS"", ""RESULT"", ""END"", ""IIF"", ""AND""]","{""movement"": 0, ""dialog"": 0, ""system"": 1, ""action"": 1, ""visual"": 0}",,False
IntZimmerTalk.txt,IntZimmerTalk,unknown,"[""ELSE"", ""RAND"", ""IF"", ""MENU"", ""GS"", ""RESULT"", ""END"", ""IIF"", ""AND""]","{""movement"": 0, ""dialog"": 0, ""system"": 1, ""action"": 1, ""visual"": 0}",,False
IrmaShortStories.txt,IrmaShortStories,unknown,"[""ELSE"", ""RAND"", ""IF"", ""MAX"", ""P"", ""ARGS"", ""OR"", ""END"", ""AND"", ""ELSEIF""]","{""movement"": 0, ""dialog"": 1, ""system"": 1, ""action"": 0, ""visual"": 0}",,False
JobMenuDesc.txt,JobMenuDesc,unknown,"[""ELSE"", ""IF"", ""ARGS"", ""RESULT"", ""END"", ""ELSEIF""]","{""movement"": 0, ""dialog"": 0, ""system"": 1, ""action"": 0, ""visual"": 0}",,False
KidsFunctions.txt,KidsFunctions,world_location,"[""ELSE"", ""COPYARR"", ""FUNC"", ""RAND"", ""DYNEVAL"", ""IF"", ""MAX"", ""MENU"", ""P"", ""MOD"", ""ARGS"", ""CLR"", ""JUMP"", ""OR"", ""GS"", ""RESULT"", ""ARRSIZE"", ""END"", ""MIN"", ""MID"", ""IIF"", ""LCASE"", ""DYNAMIC"", ""STRCOMP"", ""KILLVAR"", ""AND"", ""ELSEIF""]","{""movement"": 1, ""dialog"": 1, ""system"": 3, ""action"": 1, ""visual"": 0}",movement commands detected,False
loadg.txt,loadg,system_logic,"[""ELSE"", ""FUNC"", ""IF"", ""P"", ""MOD"", ""ARGS"", ""RESULT"", ""END"", ""MID"", ""IIF"", ""DYNAMIC"", ""ELSEIF""]","{""movement"": 0, ""dialog"": 1, ""system"": 2, ""action"": 0, ""visual"": 0}",heavy system commands detected,False
Loc.txt,Loc,unknown,"[""CURLOC"", ""IF"", ""OR"", ""GS"", ""END"", ""AND"", ""LOC""]","{""movement"": 0, ""dialog"": 0, ""system"": 1, ""action"": 0, ""visual"": 0}",,False
MarketPlace.txt,MarketPlace,world_location,"[""ELSE"", ""RAND"", ""GT"", ""DELACT"", ""IF"", ""MENU"", ""CLR"", ""OR"", ""GS"", ""SELACT"", ""END"", ""ACT"", ""DYNAMIC"", ""AND"", ""ELSEIF""]","{""movement"": 1, ""dialog"": 0, ""system"": 2, ""action"": 3, ""visual"": 0}",semantic world name detected,False
Menu.Add.txt,Menu.Add,world_location,"[""ELSE"", ""STR"", ""REPLACE"", ""IF"", ""MENU"", ""ARGS"", ""JUMP"", ""OR"", ""ARRSIZE"", ""END"", ""LCASE"", ""EXIT"", ""DYNAMIC""]","{""movement"": 1, ""dialog"": 0, ""system"": 2, ""action"": 1, ""visual"": 0}",movement commands detected,False
Menu.AddCondition.txt,Menu.AddCondition,system_logic,"[""REPLACE"", ""DYNEVAL"", ""IF"", ""MENU"", ""ARGS"", ""OR"", ""RESULT"", ""ARRSIZE"", ""END"", ""EXIT"", ""DYNAMIC""]","{""movement"": 0, ""dialog"": 0, ""system"": 2, ""action"": 1, ""visual"": 0}",heavy system commands detected,False
Menu.AddEvent.txt,Menu.AddEvent,event,"[""TRIM"", ""REPLACE"", ""IF"", ""MENU"", ""ARGS"", ""OR"", ""END"", ""LCASE"", ""EXIT"", ""DYNAMIC"", ""ELSEIF""]","{""movement"": 0, ""dialog"": 0, ""system"": 2, ""action"": 1, ""visual"": 0}",semantic event name detected,False
Menu.AddModule.txt,Menu.AddModule,system_logic,"[""REPLACE"", ""DYNEVAL"", ""IF"", ""MENU"", ""ARGS"", ""OR"", ""RESULT"", ""ARRSIZE"", ""END"", ""EXIT"", ""DYNAMIC""]","{""movement"": 0, ""dialog"": 0, ""system"": 2, ""action"": 1, ""visual"": 0}",heavy system commands detected,False
Menu.Call.txt,Menu.Call,world_location,"[""ELSE"", ""MSECSCOUNT"", ""STR"", ""DYNEVAL"", ""IF"", ""MENU"", ""ARGS"", ""JUMP"", ""RESULT"", ""ARRSIZE"", ""END"", ""EXIT"", ""DYNAMIC"", ""KILLVAR""]","{""movement"": 1, ""dialog"": 0, ""system"": 3, ""action"": 1, ""visual"": 0}",movement commands detected,False
Menu.Chosen.txt,Menu.Chosen,unknown,"[""DYNEVAL"", ""IF"", ""MENU"", ""ARGS"", ""RESULT"", ""END"", ""EXIT""]","{""movement"": 0, ""dialog"": 0, ""system"": 1, ""action"": 1, ""visual"": 0}",,False
Menu.Create.txt,Menu.Create,system_logic,"[""IF"", ""MENU"", ""ARGS"", ""END"", ""EXIT"", ""KILLVAR""]","{""movement"": 0, ""dialog"": 0, ""system"": 2, ""action"": 1, ""visual"": 0}",heavy system commands detected,False
Menu.Destroy.txt,Menu.Destroy,unknown,"[""IF"", ""MENU"", ""ARGS"", ""GS"", ""END"", ""EXIT""]","{""movement"": 0, ""dialog"": 0, ""system"": 1, ""action"": 1, ""visual"": 0}",,False
Menu.Info.txt,Menu.Info,unknown,"[""NL"", ""MENU"", ""END""]","{""movement"": 0, ""dialog"": 1, ""system"": 0, ""action"": 1, ""visual"": 0}",,False
Menu.Time.txt,Menu.Time,unknown,"[""ELSE"", ""DYNEVAL"", ""IF"", ""MENU"", ""ARGS"", ""RESULT"", ""END""]","{""movement"": 0, ""dialog"": 0, ""system"": 1, ""action"": 1, ""visual"": 0}",,False
menu_tavernstat.txt,menu_tavernstat,world_location,"[""FUNC"", ""IF"", ""MENU"", ""MOD"", ""CLR"", ""PL"", ""GS"", ""RESULT"", ""END"", ""IIF"", ""AND""]","{""movement"": 0, ""dialog"": 1, ""system"": 1, ""action"": 1, ""visual"": 0}",semantic world name detected,False
MomDressComplaint.txt,MomDressComplaint,system_logic,"[""ELSE"", ""RAND"", ""IF"", ""MAX"", ""P"", ""CLS"", ""ARGS"", ""OR"", ""GS"", ""END"", ""MIN"", ""IIF"", ""ACT"", ""DYNAMIC"", ""AND"", ""ELSEIF"", ""CLA""]","{""movement"": 0, ""dialog"": 1, ""system"": 2, ""action"": 1, ""visual"": 0}",heavy system commands detected,False
MongolTalk.txt,MongolTalk,world_location,"[""ELSE"", ""RAND"", ""DYNEVAL"", ""IF"", ""MENU"", ""CLS"", ""GS"", ""RESULT"", ""END"", ""IIF"", ""XGT"", ""AND"", ""ELSEIF""]","{""movement"": 1, ""dialog"": 0, ""system"": 1, ""action"": 1, ""visual"": 0}",movement commands detected,False
MorningSickness.txt,MorningSickness,system_logic,"[""ELSE"", ""RAND"", ""DYNEVAL"", ""DELACT"", ""IF"", ""P"", ""CLS"", ""ARGS"", ""OR"", ""GS"", ""SELACT"", ""END"", ""MIN"", ""ACT"", ""DYNAMIC"", ""ELSEIF"", ""CLA""]","{""movement"": 0, ""dialog"": 1, ""system"": 2, ""action"": 2, ""visual"": 0}",heavy system commands detected,False
NamesList.txt,NamesList,npc,"[""IF"", ""ARGS"", ""JUMP"", ""RESULT"", ""ARRSIZE"", ""END"", ""DYNAMIC"", ""AND"", ""ELSEIF""]","{""movement"": 1, ""dialog"": 0, ""system"": 2, ""action"": 0, ""visual"": 0}",semantic npc name detected,False
NamesSet.txt,NamesSet,npc,"[""ELSE"", ""RAND"", ""IF"", ""ARGS"", ""RESULT"", ""ARRSIZE"", ""END"", ""LCASE"", ""DYNAMIC"", ""ELSEIF""]","{""movement"": 0, ""dialog"": 0, ""system"": 2, ""action"": 0, ""visual"": 0}",semantic npc name detected,False
NextDay.txt,NextDay,world_location,"[""ELSE"", ""FUNC"", ""SHOWINPUT"", ""USEHTML"", ""UNSELECT"", ""GT"", ""SHOWOBJS"", ""IF"", ""MAX"", ""CLS"", ""ARGS"", ""PL"", ""JUMP"", ""OR"", ""KILLALL"", ""GS"", ""END"", ""IIF"", ""LCASE"", ""ACT"", ""SHOWSTAT"", ""KILLVAR"", ""AND"", ""ELSEIF""]","{""movement"": 2, ""dialog"": 1, ""system"": 2, ""action"": 1, ""visual"": 0}",movement commands detected,False
NextDay_FinishDayEvents.txt,NextDay_FinishDayEvents,event,"[""ELSE"", ""FUNC"", ""RAND"", ""IF"", ""MAX"", ""JUMP"", ""OR"", ""GS"", ""ARRSIZE"", ""END"", ""MIN"", ""IIF"", ""DYNAMIC"", ""KILLVAR"", ""AND"", ""ELSEIF""]","{""movement"": 1, ""dialog"": 0, ""system"": 3, ""action"": 0, ""visual"": 0}",semantic event name detected,False
NextDay_NewDayEvents.txt,NextDay_NewDayEvents,event,"[""ELSE"", ""FUNC"", ""RAND"", ""GT"", ""DYNEVAL"", ""IF"", ""MAX"", ""NO"", ""OR"", ""GS"", ""END"", ""IIF"", ""DYNAMIC"", ""AND"", ""ELSEIF""]","{""movement"": 1, ""dialog"": 0, ""system"": 2, ""action"": 0, ""visual"": 0}",semantic event name detected,False
NextDay_TavernDaily.txt,NextDay_TavernDaily,world_location,"[""ELSE"", ""FUNC"", ""RAND"", ""IF"", ""OR"", ""GS"", ""END"", ""UCASE"", ""AND""]","{""movement"": 0, ""dialog"": 0, ""system"": 1, ""action"": 0, ""visual"": 0}",semantic world name detected,False
onobjsel.txt,onobjsel,world_location,"[""ELSE"", ""CURLOC"", ""UNSELECT"", ""GT"", ""IF"", ""MENU"", ""CLR"", ""PL"", ""DELOBJ"", ""ADDOBJ"", ""GS"", ""RESULT"", ""END"", ""VIEW"", ""IIF"", ""AND"", ""SELOBJ""]","{""movement"": 1, ""dialog"": 1, ""system"": 1, ""action"": 1, ""visual"": 1}",movement commands detected,False
OtherFunctionsCode.txt,OtherFunctionsCode,world_location,"[""ELSE"", ""CURLOC"", ""GT"", ""IF"", ""MAX"", ""P"", ""CLS"", ""ARGS"", ""PL"", ""JUMP"", ""GS"", ""END"", ""ACT"", ""DYNAMIC"", ""ELSEIF"", ""CLA""]","{""movement"": 2, ""dialog"": 2, ""system"": 2, ""action"": 1, ""visual"": 0}",movement commands detected,False
PartEventAfterHarrassment.txt,PartEventAfterHarrassment,event,"[""ELSE"", ""FUNC"", ""RAND"", ""GT"", ""IF"", ""MENU"", ""ARGS"", ""OR"", ""GS"", ""RESULT"", ""END"", ""ACT"", ""STRCOMP"", ""AND"", ""ELSEIF""]","{""movement"": 1, ""dialog"": 0, ""system"": 1, ""action"": 2, ""visual"": 0}",semantic event name detected,False
PartEventCustomerHarrassmentReaction.txt,PartEventCustomerHarrassmentReaction,event,"[""ELSE"", ""RAND"", ""IF"", ""ARGS"", ""RESULT"", ""END"", ""AND"", ""ELSEIF""]","{""movement"": 0, ""dialog"": 0, ""system"": 1, ""action"": 0, ""visual"": 0}",semantic event name detected,False
PartEventGirlHarrassmentReaction.txt,PartEventGirlHarrassmentReaction,event,"[""ELSE"", ""RAND"", ""IF"", ""MAX"", ""ARGS"", ""OR"", ""GS"", ""RESULT"", ""END"", ""STRCOMP"", ""AND"", ""ELSEIF""]","{""movement"": 0, ""dialog"": 0, ""system"": 1, ""action"": 0, ""visual"": 0}",semantic event name detected,False
PartEventGirlReactionTalk.txt,PartEventGirlReactionTalk,event,"[""ELSE"", ""RAND"", ""IF"", ""MAX"", ""ARGS"", ""OR"", ""RESULT"", ""END"", ""DYNAMIC"", ""AND""]","{""movement"": 0, ""dialog"": 0, ""system"": 2, ""action"": 0, ""visual"": 0}",semantic event name detected,False
PartEventYourFirstReaction.txt,PartEventYourFirstReaction,event,"[""FUNC"", ""MENU"", ""ARGS"", ""PL"", ""GS"", ""RESULT"", ""END"", ""IIF""]","{""movement"": 0, ""dialog"": 1, ""system"": 0, ""action"": 1, ""visual"": 0}",semantic event name detected,False
PortStreets.txt,PortStreets,world_location,"[""ELSE"", ""CURLOC"", ""RAND"", ""WAIT"", ""GT"", ""DYNEVAL"", ""IF"", ""MENU"", ""NO"", ""ARGS"", ""GS"", ""END"", ""ACT"", ""AND"", ""ELSEIF""]","{""movement"": 1, ""dialog"": 0, ""system"": 2, ""action"": 2, ""visual"": 0}",movement commands detected,False
PregnancyCheck.txt,PregnancyCheck,world_location,"[""ELSE"", ""RAND"", ""DYNEVAL"", ""IF"", ""MAX"", ""ARGS"", ""JUMP"", ""OR"", ""GS"", ""END"", ""MIN"", ""IIF"", ""LCASE"", ""AND"", ""ELSEIF""]","{""movement"": 1, ""dialog"": 0, ""system"": 1, ""action"": 0, ""visual"": 0}",movement commands detected,False
RelationshipDesc1.txt,RelationshipDesc1,unknown,"[""ELSE"", ""IF"", ""ARGS"", ""OR"", ""RESULT"", ""END"", ""ELSEIF""]","{""movement"": 0, ""dialog"": 0, ""system"": 1, ""action"": 0, ""visual"": 0}",,False
saveg.txt,saveg,unknown,"[""END""]","{""movement"": 0, ""dialog"": 0, ""system"": 0, ""action"": 0, ""visual"": 0}",,False
SetTavernServiceLevels.txt,SetTavernServiceLevels,world_location,"[""ELSE"", ""IF"", ""MAX"", ""END"", ""MIN"", ""ELSEIF""]","{""movement"": 0, ""dialog"": 0, ""system"": 1, ""action"": 0, ""visual"": 0}",semantic world name detected,False
SexEventsTableCode.txt,SexEventsTableCode,event,"[""ELSE"", ""FUNC"", ""DYNEVAL"", ""IF"", ""MAX"", ""ARGS"", ""JUMP"", ""GS"", ""RESULT"", ""END"", ""LCASE"", ""KILLVAR"", ""AND"", ""ELSEIF""]","{""movement"": 1, ""dialog"": 0, ""system"": 2, ""action"": 0, ""visual"": 0}",semantic event name detected,False
SexPort.txt,SexPort,world_location,"[""ELSE"", ""GT"", ""IF"", ""MENU"", ""CLS"", ""ARGS"", ""GS"", ""END"", ""ACT""]","{""movement"": 1, ""dialog"": 0, ""system"": 1, ""action"": 2, ""visual"": 0}",movement commands detected,False
SexProstTavern.txt,SexProstTavern,world_location,"[""ELSE"", ""GT"", ""IF"", ""MENU"", ""CLS"", ""ARGS"", ""GS"", ""END"", ""ACT""]","{""movement"": 1, ""dialog"": 0, ""system"": 1, ""action"": 2, ""visual"": 0}",semantic world name detected,False
SherwoodTravel.txt,SherwoodTravel,world_location,"[""ELSE"", ""GT"", ""IF"", ""MAX"", ""MENU"", ""P"", ""CLS"", ""ARGS"", ""GS"", ""END"", ""IIF"", ""ACT"", ""DYNAMIC"", ""ELSEIF"", ""CLA""]","{""movement"": 1, ""dialog"": 1, ""system"": 2, ""action"": 2, ""visual"": 0}",movement commands detected,False
ShowAmandaPortrait.txt,ShowAmandaPortrait,unknown,"[""ELSE"", ""CURLOC"", ""RAND"", ""IF"", ""GS"", ""END"", ""AND""]","{""movement"": 0, ""dialog"": 0, ""system"": 1, ""action"": 0, ""visual"": 0}",,False
ShowBeckyPortrait.txt,ShowBeckyPortrait,unknown,"[""ELSE"", ""RAND"", ""IF"", ""GS"", ""END"", ""AND"", ""ELSEIF""]","{""movement"": 0, ""dialog"": 0, ""system"": 1, ""action"": 0, ""visual"": 0}",,False
ShowChurchDraupnirList.txt,ShowChurchDraupnirList,world_location,"[""ELSE"", ""IF"", ""MENU"", ""JUMP"", ""GS"", ""RESULT"", ""ARRSIZE"", ""END"", ""IIF"", ""DYNAMIC"", ""AND""]","{""movement"": 1, ""dialog"": 0, ""system"": 2, ""action"": 1, ""visual"": 0}",movement commands detected,False
ShowCurrentCockState.txt,ShowCurrentCockState,system_logic,"[""ELSE"", ""IF"", ""ARGS"", ""PL"", ""END"", ""LCASE"", ""AND""]","{""movement"": 0, ""dialog"": 1, ""system"": 1, ""action"": 0, ""visual"": 0}",semantic system name detected,False
ShowCurrentSex.txt,ShowCurrentSex,world_location,"[""ELSE"", ""IF"", ""NO"", ""P"", ""ARGS"", ""CLR"", ""PL"", ""JUMP"", ""OR"", ""GS"", ""ARRSIZE"", ""END"", ""DYNAMIC"", ""AND"", ""ELSEIF""]","{""movement"": 1, ""dialog"": 2, ""system"": 2, ""action"": 0, ""visual"": 0}",movement commands detected,False
ShowGeorgettPortrait.txt,ShowGeorgettPortrait,unknown,"[""RAND"", ""IF"", ""GS"", ""END"", ""AND"", ""ELSEIF""]","{""movement"": 0, ""dialog"": 0, ""system"": 1, ""action"": 0, ""visual"": 0}",,False
ShowGirlSexHistory.txt,ShowGirlSexHistory,world_location,"[""ELSE"", ""FUNC"", ""IF"", ""P"", ""ARGS"", ""JUMP"", ""GS"", ""ARRSIZE"", ""END"", ""IIF"", ""DYNAMIC""]","{""movement"": 1, ""dialog"": 1, ""system"": 2, ""action"": 0, ""visual"": 0}",movement commands detected,False
ShowImage.txt,ShowImage,unknown,"[""ELSE"", ""IF"", ""ARGS"", ""PL"", ""END"", ""VIEW""]","{""movement"": 0, ""dialog"": 1, ""system"": 1, ""action"": 0, ""visual"": 1}",,False
ShowImageSeq.txt,ShowImageSeq,world_location,"[""ELSE"", ""RAND"", ""WAIT"", ""IF"", ""ARGS"", ""JUMP"", ""GS"", ""END"", ""ELSEIF""]","{""movement"": 1, ""dialog"": 0, ""system"": 2, ""action"": 0, ""visual"": 0}",movement commands detected,False
ShowLizaPortrait.txt,ShowLizaPortrait,unknown,"[""ELSE"", ""RAND"", ""IF"", ""GS"", ""END"", ""AND"", ""ELSEIF""]","{""movement"": 0, ""dialog"": 0, ""system"": 1, ""action"": 0, ""visual"": 0}",,False
SlutFriendsIncrease.txt,SlutFriendsIncrease,unknown,"[""RAND"", ""IF"", ""ARGS"", ""OR"", ""GS"", ""END"", ""AND""]","{""movement"": 0, ""dialog"": 0, ""system"": 1, ""action"": 0, ""visual"": 0}",,False
stat.txt,stat,system_logic,"[""ELSE"", ""IF"", ""SET"", ""CLR"", ""PL"", ""JUMP"", ""OR"", ""END"", ""AND"", ""ELSEIF""]","{""movement"": 1, ""dialog"": 1, ""system"": 2, ""action"": 0, ""visual"": 0}",semantic system name detected,False
StolyarWorkshop.txt,StolyarWorkshop,world_location,"[""ELSE"", ""GT"", ""DELACT"", ""IF"", ""MENU"", ""CLR"", ""OR"", ""GS"", ""RESULT"", ""END"", ""IIF"", ""ACT"", ""AND""]","{""movement"": 1, ""dialog"": 0, ""system"": 1, ""action"": 3, ""visual"": 0}",semantic world name detected,False
StreetClients.txt,StreetClients,world_location,"[""ELSE"", ""GT"", ""DYNEVAL"", ""IF"", ""CLS"", ""ARGS"", ""GS"", ""END"", ""ACT"", ""ELSEIF""]","{""movement"": 1, ""dialog"": 0, ""system"": 1, ""action"": 1, ""visual"": 0}",movement commands detected,False
StreetTavern.txt,StreetTavern,world_location,"[""ELSE"", ""GT"", ""IF"", ""ARGS"", ""GS"", ""END"", ""ACT"", ""DYNAMIC"", ""ELSEIF""]","{""movement"": 1, ""dialog"": 0, ""system"": 2, ""action"": 1, ""visual"": 0}",semantic world name detected,False
SumArray.txt,SumArray,world_location,"[""DYNEVAL"", ""IF"", ""ARGS"", ""JUMP"", ""RESULT"", ""ARRSIZE"", ""END""]","{""movement"": 1, ""dialog"": 0, ""system"": 1, ""action"": 0, ""visual"": 0}",movement commands detected,False
Table.ColumnsCount.txt,Table.ColumnsCount,unknown,"[""DYNEVAL"", ""IF"", ""ARGS"", ""RESULT"", ""END"", ""EXIT""]","{""movement"": 0, ""dialog"": 0, ""system"": 1, ""action"": 0, ""visual"": 0}",,False
Table.Copy.txt,Table.Copy,world_location,"[""COPYARR"", ""FUNC"", ""DYNEVAL"", ""IF"", ""ARGS"", ""JUMP"", ""GS"", ""RESULT"", ""ARRPOS"", ""ARRSIZE"", ""END"", ""IIF"", ""EXIT"", ""DYNAMIC"", ""KILLVAR"", ""AND"", ""ELSEIF""]","{""movement"": 1, ""dialog"": 0, ""system"": 3, ""action"": 0, ""visual"": 0}",movement commands detected,False
Table.Create.txt,Table.Create,world_location,"[""INSTR"", ""TRIM"", ""IF"", ""ARGS"", ""JUMP"", ""GS"", ""RESULT"", ""END"", ""MID"", ""EXIT"", ""DYNAMIC"", ""ELSEIF""]","{""movement"": 1, ""dialog"": 0, ""system"": 2, ""action"": 0, ""visual"": 0}",movement commands detected,False
Table.CreateIndex.txt,Table.CreateIndex,world_location,"[""FUNC"", ""DYNEVAL"", ""IF"", ""ARGS"", ""JUMP"", ""RESULT"", ""ARRSIZE"", ""END"", ""IIF"", ""EXIT"", ""DYNAMIC"", ""KILLVAR"", ""ELSEIF""]","{""movement"": 1, ""dialog"": 0, ""system"": 3, ""action"": 0, ""visual"": 0}",movement commands detected,False
Table.Current.txt,Table.Current,unknown,"[""IF"", ""ARGS"", ""END"", ""EXIT""]","{""movement"": 0, ""dialog"": 0, ""system"": 1, ""action"": 0, ""visual"": 0}",,False
Table.DeleteLine.txt,Table.DeleteLine,world_location,"[""FUNC"", ""DYNEVAL"", ""IF"", ""ARGS"", ""JUMP"", ""RESULT"", ""ARRPOS"", ""ARRSIZE"", ""END"", ""EXIT"", ""DYNAMIC"", ""KILLVAR""]","{""movement"": 1, ""dialog"": 0, ""system"": 3, ""action"": 0, ""visual"": 0}",movement commands detected,False
Table.DeleteLines.txt,Table.DeleteLines,world_location,"[""FUNC"", ""DYNEVAL"", ""IF"", ""ARGS"", ""JUMP"", ""GS"", ""RESULT"", ""ARRPOS"", ""ARRSIZE"", ""END"", ""IIF"", ""EXIT"", ""DYNAMIC"", ""KILLVAR"", ""AND"", ""ELSEIF""]","{""movement"": 1, ""dialog"": 0, ""system"": 3, ""action"": 0, ""visual"": 0}",movement commands detected,False
Table.Destroy.txt,Table.Destroy,system_logic,"[""IF"", ""ARGS"", ""END"", ""EXIT"", ""KILLVAR""]","{""movement"": 0, ""dialog"": 0, ""system"": 2, ""action"": 0, ""visual"": 0}",heavy system commands detected,False
Table.DestroyIndex.txt,Table.DestroyIndex,system_logic,"[""IF"", ""ARGS"", ""END"", ""EXIT"", ""KILLVAR""]","{""movement"": 0, ""dialog"": 0, ""system"": 2, ""action"": 0, ""visual"": 0}",heavy system commands detected,False
Table.FindValue.txt,Table.FindValue,world_location,"[""FUNC"", ""DYNEVAL"", ""IF"", ""ARGS"", ""JUMP"", ""GS"", ""RESULT"", ""ARRSIZE"", ""END"", ""IIF"", ""EXIT"", ""DYNAMIC"", ""AND"", ""ELSEIF""]","{""movement"": 1, ""dialog"": 0, ""system"": 2, ""action"": 0, ""visual"": 0}",movement commands detected,False
Table.First.txt,Table.First,system_logic,"[""IF"", ""ARGS"", ""RESULT"", ""ARRSIZE"", ""END"", ""EXIT"", ""DYNAMIC""]","{""movement"": 0, ""dialog"": 0, ""system"": 2, ""action"": 0, ""visual"": 0}",heavy system commands detected,False
Table.GetValue.txt,Table.GetValue,system_logic,"[""FUNC"", ""DYNEVAL"", ""IF"", ""ARGS"", ""RESULT"", ""END"", ""IIF"", ""EXIT"", ""DYNAMIC"", ""ELSEIF""]","{""movement"": 0, ""dialog"": 0, ""system"": 2, ""action"": 0, ""visual"": 0}",heavy system commands detected,False
Table.Info.txt,Table.Info,unknown,"[""NL"", ""END""]","{""movement"": 0, ""dialog"": 1, ""system"": 0, ""action"": 0, ""visual"": 0}",,False
Table.IsFirst.txt,Table.IsFirst,unknown,"[""DYNEVAL"", ""IF"", ""ARGS"", ""RESULT"", ""ARRSIZE"", ""END"", ""IIF"", ""EXIT""]","{""movement"": 0, ""dialog"": 0, ""system"": 1, ""action"": 0, ""visual"": 0}",,False
Table.IsLast.txt,Table.IsLast,unknown,"[""DYNEVAL"", ""IF"", ""ARGS"", ""RESULT"", ""ARRSIZE"", ""END"", ""IIF"", ""EXIT""]","{""movement"": 0, ""dialog"": 0, ""system"": 1, ""action"": 0, ""visual"": 0}",,False
Table.Last.txt,Table.Last,system_logic,"[""IF"", ""ARGS"", ""RESULT"", ""ARRSIZE"", ""END"", ""EXIT"", ""DYNAMIC""]","{""movement"": 0, ""dialog"": 0, ""system"": 2, ""action"": 0, ""visual"": 0}",heavy system commands detected,False
Table.LinesCount.txt,Table.LinesCount,world_location,"[""FUNC"", ""DYNEVAL"", ""IF"", ""ARGS"", ""JUMP"", ""GS"", ""RESULT"", ""ARRSIZE"", ""END"", ""IIF"", ""EXIT"", ""DYNAMIC"", ""AND"", ""ELSEIF""]","{""movement"": 1, ""dialog"": 0, ""system"": 2, ""action"": 0, ""visual"": 0}",movement commands detected,False
Table.LineToArray.txt,Table.LineToArray,unknown,"[""FUNC"", ""IF"", ""ARGS"", ""RESULT"", ""END"", ""EXIT""]","{""movement"": 0, ""dialog"": 0, ""system"": 1, ""action"": 0, ""visual"": 0}",,False
Table.NewColumn.txt,Table.NewColumn,system_logic,"[""REPLACE"", ""IF"", ""ARGS"", ""RESULT"", ""ARRPOS"", ""END"", ""LCASE"", ""EXIT"", ""DYNAMIC""]","{""movement"": 0, ""dialog"": 0, ""system"": 2, ""action"": 0, ""visual"": 0}",heavy system commands detected,False
Table.NewLine.txt,Table.NewLine,world_location,"[""STR"", ""TRIM"", ""REPLACE"", ""DYNEVAL"", ""IF"", ""ARGS"", ""JUMP"", ""RESULT"", ""ARRSIZE"", ""END"", ""MIN"", ""LCASE"", ""EXIT"", ""DYNAMIC"", ""AND"", ""ELSEIF""]","{""movement"": 1, ""dialog"": 0, ""system"": 2, ""action"": 0, ""visual"": 0}",movement commands detected,False
Table.Next.txt,Table.Next,system_logic,"[""FUNC"", ""DYNEVAL"", ""IF"", ""ARGS"", ""RESULT"", ""ARRSIZE"", ""END"", ""IIF"", ""EXIT"", ""DYNAMIC"", ""KILLVAR""]","{""movement"": 0, ""dialog"": 0, ""system"": 3, ""action"": 0, ""visual"": 0}",heavy system commands detected,False
Table.Previous.txt,Table.Previous,system_logic,"[""FUNC"", ""DYNEVAL"", ""IF"", ""ARGS"", ""RESULT"", ""END"", ""IIF"", ""EXIT"", ""DYNAMIC"", ""KILLVAR""]","{""movement"": 0, ""dialog"": 0, ""system"": 3, ""action"": 0, ""visual"": 0}",heavy system commands detected,False
Table.RandomLine.txt,Table.RandomLine,unknown,"[""RAND"", ""IF"", ""ARGS"", ""RESULT"", ""ARRSIZE"", ""END"", ""EXIT""]","{""movement"": 0, ""dialog"": 0, ""system"": 1, ""action"": 0, ""visual"": 0}",,False
Table.Select.txt,Table.Select,world_location,"[""COPYARR"", ""FUNC"", ""DYNEVAL"", ""IF"", ""ARGS"", ""JUMP"", ""GS"", ""RESULT"", ""ARRSIZE"", ""END"", ""IIF"", ""EXIT"", ""DYNAMIC"", ""KILLVAR"", ""AND"", ""ELSEIF""]","{""movement"": 1, ""dialog"": 0, ""system"": 3, ""action"": 0, ""visual"": 0}",movement commands detected,False
Table.SetValue.txt,Table.SetValue,system_logic,"[""FUNC"", ""STR"", ""TRIM"", ""REPLACE"", ""IF"", ""ARGS"", ""RESULT"", ""END"", ""IIF"", ""LCASE"", ""EXIT"", ""DYNAMIC"", ""AND"", ""ELSEIF""]","{""movement"": 0, ""dialog"": 0, ""system"": 2, ""action"": 0, ""visual"": 0}",heavy system commands detected,False
Table.Show.txt,Table.Show,world_location,"[""NL"", ""FUNC"", ""DYNEVAL"", ""IF"", ""ARGS"", ""JUMP"", ""RESULT"", ""END"", ""EXIT""]","{""movement"": 1, ""dialog"": 1, ""system"": 1, ""action"": 0, ""visual"": 0}",movement commands detected,False
Table.Sort.txt,Table.Sort,world_location,"[""ELSE"", ""FUNC"", ""INSTR"", ""STR"", ""TRIM"", ""REPLACE"", ""DYNEVAL"", ""IF"", ""ARGS"", ""JUMP"", ""RESULT"", ""ARRSIZE"", ""END"", ""MID"", ""EXIT"", ""DYNAMIC"", ""KILLVAR"", ""AND"", ""ELSEIF""]","{""movement"": 1, ""dialog"": 0, ""system"": 3, ""action"": 0, ""visual"": 0}",movement commands detected,False
Table.Value.txt,Table.Value,system_logic,"[""FUNC"", ""DYNEVAL"", ""IF"", ""ARGS"", ""OR"", ""RESULT"", ""ARRSIZE"", ""END"", ""IIF"", ""EXIT"", ""DYNAMIC"", ""ELSEIF""]","{""movement"": 0, ""dialog"": 0, ""system"": 2, ""action"": 0, ""visual"": 0}",heavy system commands detected,False
TavernAmandaRoom.txt,TavernAmandaRoom,world_location,"[""ELSE"", ""RAND"", ""GT"", ""DYNEVAL"", ""IF"", ""P"", ""OR"", ""GS"", ""END"", ""ACT"", ""DYNAMIC"", ""XGT"", ""AND"", ""ELSEIF""]","{""movement"": 2, ""dialog"": 1, ""system"": 2, ""action"": 1, ""visual"": 0}",semantic world name detected,False
TavernGloryHole.txt,TavernGloryHole,world_location,"[""ELSE"", ""FUNC"", ""CURACTS"", ""RAND"", ""GT"", ""DYNEVAL"", ""IF"", ""MENU"", ""CLR"", ""PL"", ""OR"", ""GS"", ""RESULT"", ""END"", ""IIF"", ""ACT"", ""DYNAMIC"", ""AND"", ""ELSEIF"", ""CLA""]","{""movement"": 1, ""dialog"": 1, ""system"": 2, ""action"": 2, ""visual"": 0}",semantic world name detected,False
TavernHelp.txt,TavernHelp,world_location,"[""GT"", ""DELACT"", ""IF"", ""GS"", ""SELACT"", ""END"", ""ACT"", ""AND""]","{""movement"": 1, ""dialog"": 0, ""system"": 1, ""action"": 2, ""visual"": 0}",semantic world name detected,False
TavernMain.txt,TavernMain,world_location,"[""ELSE"", ""FUNC"", ""CURLOC"", ""RAND"", ""GT"", ""DYNEVAL"", ""IF"", ""MENU"", ""ARGS"", ""PL"", ""OR"", ""GS"", ""END"", ""ACT"", ""DYNAMIC"", ""AND"", ""ELSEIF""]","{""movement"": 1, ""dialog"": 1, ""system"": 2, ""action"": 2, ""visual"": 0}",semantic world name detected,False
TavernMyRoom.txt,TavernMyRoom,world_location,"[""GT"", ""IF"", ""MENU"", ""JUMP"", ""GS"", ""RESULT"", ""ARRSIZE"", ""END"", ""IIF"", ""LCASE"", ""ACT"", ""DYNAMIC""]","{""movement"": 2, ""dialog"": 0, ""system"": 2, ""action"": 2, ""visual"": 0}",semantic world name detected,False
TavernProstClients.txt,TavernProstClients,world_location,"[""ELSE"", ""RAND"", ""GT"", ""DYNEVAL"", ""IF"", ""CLS"", ""ARGS"", ""GS"", ""END"", ""ACT"", ""ELSEIF""]","{""movement"": 1, ""dialog"": 0, ""system"": 1, ""action"": 1, ""visual"": 0}",semantic world name detected,False
TavernShowImage.txt,TavernShowImage,world_location,"[""RAND"", ""IF"", ""JUMP"", ""GS"", ""END"", ""AND"", ""ELSEIF""]","{""movement"": 1, ""dialog"": 0, ""system"": 1, ""action"": 0, ""visual"": 0}",semantic world name detected,False
TavernStable.txt,TavernStable,world_location,"[""ELSE"", ""GT"", ""IF"", ""CLS"", ""GS"", ""END"", ""ACT"", ""XGT"", ""AND""]","{""movement"": 2, ""dialog"": 0, ""system"": 1, ""action"": 1, ""visual"": 0}",semantic world name detected,False
WhoreNextDayClients.txt,WhoreNextDayClients,world_location,"[""ELSE"", ""RAND"", ""DYNEVAL"", ""IF"", ""ARGS"", ""JUMP"", ""OR"", ""GS"", ""END"", ""MIN"", ""IIF"", ""AND""]","{""movement"": 1, ""dialog"": 0, ""system"": 1, ""action"": 0, ""visual"": 0}",movement commands detected,False
WineStore.txt,WineStore,world_location,"[""ELSE"", ""RAND"", ""GT"", ""IF"", ""MENU"", ""OR"", ""GS"", ""RESULT"", ""END"", ""IIF"", ""ACT"", ""DYNAMIC"", ""AND"", ""ELSEIF""]","{""movement"": 1, ""dialog"": 0, ""system"": 2, ""action"": 2, ""visual"": 0}",movement commands detected,False
ZaletOpinionCalc.txt,ZaletOpinionCalc,world_location,"[""ELSE"", ""COPYARR"", ""FUNC"", ""RAND"", ""TRIM"", ""REPLACE"", ""DYNEVAL"", ""IF"", ""ARGS"", ""JUMP"", ""OR"", ""GS"", ""RESULT"", ""END"", ""LCASE"", ""EXIT"", ""STRCOMP"", ""KILLVAR"", ""AND"", ""ELSEIF""]","{""movement"": 1, ""dialog"": 0, ""system"": 2, ""action"": 0, ""visual"": 0}",movement commands detected,False
Меню.{Обработка}.txt,Меню.{Обработка},system_logic,"[""ELSE"", ""MSECSCOUNT"", ""DYNEVAL"", ""IF"", ""ARGS"", ""OR"", ""GS"", ""RESULT"", ""END"", ""EXIT"", ""DYNAMIC"", ""AND"", ""MSG"", ""LOC""]","{""movement"": 0, ""dialog"": 1, ""system"": 2, ""action"": 0, ""visual"": 0}",heavy system commands detected,False
Таб.{IDКолонки}.txt,Таб.{IDКолонки},unknown,"[""ELSE"", ""DYNEVAL"", ""IF"", ""ARGS"", ""OR"", ""RESULT"", ""ARRPOS"", ""END"", ""LCASE"", ""EXIT"", ""ELSEIF""]","{""movement"": 0, ""dialog"": 0, ""system"": 1, ""action"": 0, ""visual"": 0}",,False
Таб.{IDСтроки}.txt,Таб.{IDСтроки},unknown,"[""ELSE"", ""FUNC"", ""INSTR"", ""TRIM"", ""DYNEVAL"", ""IF"", ""ARGS"", ""OR"", ""RESULT"", ""ARRSIZE"", ""END"", ""MID"", ""VAL"", ""LCASE"", ""EXIT"", ""ELSEIF"", ""ISNUM""]","{""movement"": 0, ""dialog"": 0, ""system"": 1, ""action"": 0, ""visual"": 0}",,False
Таб.{ПолучитьФильтр}.txt,Таб.{ПолучитьФильтр},unknown,"[""ELSE"", ""INSTR"", ""LEN"", ""STR"", ""TRIM"", ""REPLACE"", ""IF"", ""ARGS"", ""OR"", ""END"", ""MID"", ""VAL"", ""LCASE"", ""EXIT"", ""AND"", ""ELSEIF""]","{""movement"": 0, ""dialog"": 0, ""system"": 1, ""action"": 0, ""visual"": 0}",,False
Таб.{Строка2Массив}.txt,Таб.{Строка2Массив},world_location,"[""DYNEVAL"", ""IF"", ""ARGS"", ""JUMP"", ""RESULT"", ""END"", ""EXIT"", ""DYNAMIC"", ""KILLVAR""]","{""movement"": 1, ""dialog"": 0, ""system"": 3, ""action"": 0, ""visual"": 0}",movement commands detected,False
